musician_id,filename,event_count
2277,Blue_Biscuit_Blues_Band,2
2260,Gregory_Reed,1
4917,Jesper,2
5674,Jud_Kim_quartet_1,1
5032,Keezy,1
6220,Mike_Field,1
4999,WYM,1
6737,이진붕,1
5511,Kumi_Adachi_and_Shuji_Hata_with_korean_friens,1
1954,$erpent,1
5322,Sline,1
2150,10,5
6102,본조비_트리뷰트_밴드,1
4528,ROVE,1
5425,100ers,1
2196,101A,1
14,10cm,42
1872,11시11분,71
5844,1253일이오삼,2
4834,12일,1
5012,133_Crew,1
3042,13데이즈,7
18,13스텝스,28
3768,13층,75
6897,1415,2
5485,14레프트,1
6702,15_Guys,1
1754,180,9
2056,18그램,53
3847,19.9,1
4463,1984,8
2881,19세,9
4005,1set,3
1185,1ton,13
1745,2_스토리,43
6429,2016라이징스타,1
6998,2017라이징스타,1
2401,21SCOTT,24
1623,21세기피터팬들,36
5505,22구역,3
545,24_Hours,132
1893,24일,20
5479,29,3
670,2day_2morrow,2
5190,2G,1
2161,2iN투인,3
5092,2nd_Wind,1
4391,2시2분,3
2668,3_Men,1
5664,301호,2
3576,302호,1
1295,316,2
2524,33rd_Kimchibilly_Night,1
3120,35_Milk,2
4576,36.5도,2
3371,36.8,5
135,360_SOUNDS,1
2932,3mate,5
4589,3볼트,2
626,3월의_토끼,4
5,3호선_버터플라이,46
526,404,36
6598,406호_프로젝트,2
4489,420사이공,1
748,45RPM,1
15,49_Morphines,3
1246,49_몰핀스,1
609,4HZ,9
4644,4NG,1
1768,4th_floor,13
1490,4번출구,3
5178,4층총각,2
2032,53,4
393,55,2
4254,57,69
3722,5ppas,2
1236,5tones,1
4209,64Sixtyfour,3
3273,666,1
2821,6시_41분,2
5034,707,1
4016,707,1
4437,707서연,1
5033,72,1
5457,75A,3
5452,77_빔즈,2
2515,7th_Line,3
2917,82번지점프,8
3634,88,3
2726,889,3
4671,88호도리,4
2690,8Dro,1
5852,9,4
21,99Anger,7
4899,9coma,1
2533,9years,1
13,9와_숫자들,57
1941,9월의이들,1
3705,9초,15
294,9호선_환승역,7
4738,A_Trilogue,4
2065,A-Five,1
2465,A-Frica,2
2306,Aaron_Choe,1
371,Above_Beyond,0
5832,ABTB,7
2089,ABTBA_Bolt_From_The_Blue,24
4380,ABYSS,1
2740,Abyss,3
2450,Accept,1
2856,Acoustic_놀이터,2
5211,ADHD,1
2855,Aerial,1
2268,Aggressive_Pedestrian,1
3872,Agit_Punkt,1
4626,Aint_Nothing_But,2
853,air_below,9
2633,Aircraft_of_the_Month,1
5740,AirHead,2
5368,Akinori_Taka,1
341,AKoYa,1
1316,ALL_I_HAVE,26
1430,Ally,6
533,ALPHA_STEPPA_알파스테파,1
3223,Aluk,3
1760,Ameri_B.C.,3
2733,Ami_Dang,1
7083,Analog_GAME,1
5290,Andrew_Page_Quartet,1
2314,Animal_Anthem,16
1921,Anne,1
1836,ANNIVERSARY,1
873,aNote,1
6770,Another_Day,3
3806,Antisplit,2
2307,Antoine,1
1968,April_2nd,11
2656,April_Sour,1
4559,Arcanum_Sanctum,1
2006,Areina,12
2336,Army_of_Jade_KirinCHN,1
6938,ASDF,4
5031,AshJay,1
2414,Assassination_Squad,27
2175,Asuna,1
5023,At_Ground,1
3108,At_the_Gates,1
2667,Atlat,4
2396,Atom_Machine,4
2993,Audio_Blossom,5
2453,Aurevoir_Michelle,7
808,AUS,1
1264,Autopilot,1
1656,AUX,1
5026,Awaken_Tongues,2
2411,AWDAsleep_without_Dreaming,10
1649,AXCUTOR,5
5014,A_G,1
3870,A프로젝트,1
397,B-FREE,1
258,B.B.PUCKS,1
2199,Babylove_and_Van_Dangos_Denmark,1
6563,Balladitation_Project,1
2659,Banana_Co,1
3468,Band_24th,2
1574,Band_DUBOO,1
3794,BAND_NUNA,3
1877,Band_Shuffle,2
1250,BAND27,2
2434,Bark_House,4
2953,BB103,1
2439,Bear_Fucker,1
211,BEATBURGER,0
396,BEENZINO,7
1686,Beeren_Heim,2
4924,BEET_JUICE,2
2416,Bellydancing_from_Eshe,2
3060,below_zero,4
2264,Ben_Akers,1
2311,Betty_Ass,16
5027,BewhY,1
2236,Big_Boned_Rhythm,1
6040,BK_Quartet,1
6495,BKY~바람을_가르는_영웅~,1
2052,Black_Anarchy,1
2303,Black_Ilumin,1
2301,Black_Nut,2
2736,blacksaint,1
2735,Blacktetra,1
2516,Blad-Hammer,1
5035,Blank_Crew,1
2567,Blindside,1
5967,BLUES_HOBO_BAND,2
2600,Body_Shower,1
254,BOM,5
6174,Bomis_homies,1
731,BORGNINES,1
3732,Borrowers,4
483,BREAKBOT,0
5030,Brealiant,1
725,Bright_Splinters,2
6945,Brisa,1
2176,Broken_Rust,2
5572,Brother_Gun,1
5908,BROWN,1
2685,Budda,1
4755,Budda_Ladies,1
2368,Bullet_7,4
3145,Bumbershoot,2
1149,Burn_My_Bridges,21
2410,Burns_Arcade,1
2424,Buzzard_Luck,2
5197,C.RED,6
2295,Cael_Anton,2
5743,Cardboard_Collective,1
6086,CAREER_SUICIDE,1
794,Carry.D,1
6143,Case_B,2
2773,Cassie_Norton,2
4561,Catamenia,1
3940,Cavalier,4
2530,CD5,1
1802,Chanters_Alley,19
845,Charlies_Ukulele,1
5573,CHOC,1
1532,Chris_Hale,1
2712,CladerEl_Casta,1
4562,Claim_the_throne,1
2571,Clamono,8
4383,Classy,2
5344,clay클레이,1
563,Clerks,2
589,Clock_Clock,1
1619,Close_Talk,24
5613,Clouds_Block,3
1356,Cloudancer,2
2179,Club_505,2
1522,Cockrasher,2
2252,Cody_Rose,1
7080,COFFIN_from_Australia,1
3486,Cokiyu,3
2841,Cold_Cave,4
3463,Colours,6
1736,Combative_Post,15
6300,Comfort,2
4818,Communicates,1
2392,Con9ueror,1
4333,CONG-VU,2
6401,Cooing,1
4600,CR_태규,15
2517,Cratia,6
2154,Crazy99,1
6804,Cream_Trio,2
2739,Crimson,1
2697,Crimson_Butterfly_Ensemble,2
6807,Crissie_and_feel_the_one,2
6431,Crissie_Band_크리시밴드,1
1006,Crossbones,3
2298,Crucial_Star,3
3111,Crucified,1
372,CRYSTAL_CASTLES,0
1359,CR태규,26
3544,CR태규와_물건들,2
1464,Cunttlefish,1
3485,Cuushe,3
5678,Cyna,9
1882,DandC,1
1146,DHAIT,1
1422,D-SIGN,1
1278,D.B.C,1
1183,D.tails,1
5735,D.W.T.N,1
2939,DAK,7
421,Dakine_김철수_Band,2
1094,DAMAGE,2
2522,Damagia,2
6672,Damon_Brown_interrational_Quintet_With_perrick_Pedron,1
6677,Damon_Brown_Quartet,3
4768,Damon_Brown_Trio,8
4716,Dan_Deacon,1
1277,Daniel_Star,1
2247,Daniel_Vaillancourt,1
3435,Danobannon,2
1770,Dark_Ambition,4
2289,Dark_Funeral,1
4564,Dark_mirror_ov_tragedy,3
1282,Dark_Tranquility,2
6423,darley,1
7017,Days,1
3801,DEDiK,1
3194,Deploy,1
1546,Design,4
4916,deyazmach_dready,1
2672,DHMP,1
1752,DHWP,1
2294,Dia_Frampton,1
1445,Dirty_30s,3
2689,Dirty_Beaches,4
2512,Dirty_Dogs,1
1435,Dirty_Foot,4
2661,Dirty_Projectors,1
1234,Disanto,1
1399,DISFIGURE,7
4554,Dissektist,2
2800,DJ_Aaron,1
4745,DJ_Aeltek,1
781,DJ_ANDREW,0
690,DJ_BLACK_FEDORA,0
1912,DJ_Brainchild,1
2182,DJ_Byul,1
687,DJ_CONAN,0
207,DJ_FEADZ,0
2178,DJ_Gon,1
689,DJ_JUN,1
119,DJ_KOO,1
2177,DJ_Kyper,1
5823,DJ_Meijin_Takahashi,2
824,Dj_Quandol,2
2201,DJ_Smiley,2
688,DJ_SMOOD,0
3147,DJ_Wegun,1
210,DJ_YUP,0
826,DJ_소울스케이프_DJ_Soulscape,3
4968,DJ_집,1
745,DJ_판돌,1
2141,DJ.59,18
6867,Djang_San,1
508,DJ안과장,7
1661,DMCK,11
551,DMOT,4
449,DMZ_Picnic,2
2536,DNA,16
1950,DnC,6
2563,Do_To_Rock,1
1804,Dodge_and_the_Bullets,2
2930,Dog_Last_Page,15
945,Dokkaebi_Assault,2
5298,Dont_Cry_Island,2
2265,Donny_Doran,1
2181,Double_Strike,1
1431,Down_In_A_Hole,1
4593,Dr_Eggs,1
1093,DrainUs,4
4765,dreamboat,3
4594,Dregas,6
2273,Drunk_and_Disorderly,1
2043,Dry_night,8
4549,DSSB,1
3599,DTSQ델타시퀀스,62
6409,dub,4
5117,Dusky80,8
4190,dyd_trio,1
4547,DyoN_Joo,65
2449,E-Lips,4
3034,E-Na,5
1715,E.C.E,1
3384,E.S.C,1
599,E.T.,4
1690,E9,2
3609,each_other,1
2254,EARL,1
5510,Earls,2
4491,Ears,2
3636,East_wind,1
1379,Ebonyhill,1
2670,ECS,1
5024,Effective_Voyz,1
658,Eighteen_April,12
76,Electric_Visor,1
2772,Elliott_Ashby,1
1554,Elsa_Evna,2
5789,Emilie_and_Laurent_Duo,1
6219,EMJQ,1
3274,End_These_days,12
3244,Endless_Cave,7
6949,Endo_Michiro,1
5611,ENOCH,1
2241,Erin_Rae_Murray,1
4813,Eshe_and_Navah,1
4168,Espiritu,1
3110,Ethereal_Sin,2
2565,Eugene_Smith,1
1971,Ex8er,3
2575,Exit,1
1658,Exotia,1
4286,expo93,1
1281,Eye_of_Violence,1
398,EZIS,1
850,F.world,1
2153,Faith_for_sale,1
1297,Fall_of_Minna,1
1279,Fall_of_Mirra,1
3321,Fan.L.C,1
391,Fanfarlo,1
204,FAR_EAST_MOVMENT,0
6999,FatDog,1
947,Find_the_spot,24
2711,Fine,5
1931,Firehouse,1
3264,FIRST_AID,6
6806,Five_guys,2
1376,Flashback,3
4094,FLORA,1
2501,Flower_Pot,1
2617,Flowing,1
5595,FLUSH!!,10
2258,Flying_Kite_Robot,8
1858,FM_Driver,4
6322,Folk_Rain,1
3953,fragile,2
5471,Francesca_Han_Trio,2
1292,Frank_Beard,2
2304,Freaky,1
870,Freely,1
1977,FreestyleTown,1
2067,from_the_Piano_room,1
1898,FUCKUSHI_OYO,7
3293,Full_Mental_Panic,2
6811,Funk_Tronic,1
6716,Fuyama_Yousuke,1
2737,G-chord,1
1965,G.L.,2
6279,G.P.S_Project,1
2548,G.T_Arpe,3
2337,Gacharic_SpinJPN,1
2468,GAHS,2
1929,Galneryus,1
6963,GDB_가자미소년단,3
2308,Gi_Chii,1
2299,Giriboy,4
528,Gloomy_30s,1
1983,Go_Go_Second_Time_Virgin,3
2618,Goat_And_Monkey,4
23,GoGoBoys,6
3615,Gonna_Be,1
1493,Good4Nothing,1
2226,Goodmorningkids,2
1775,GOOGOLPLEX_구골플렉스,2
2765,GOST_WIND,2
2239,Grand_Soul_Central,1
3191,Grande,1
1509,Gravity,6
7055,Gray_Watson_and_the_Visions,1
1514,Grey,1
1153,Grigio_Gatto,1
2527,Grimes,3
2521,GT_Arpe,3
3679,GTV,1
2636,GUIGUISUISUI,3
3143,Guilin,2
5597,H.F.G_Quartet,7
2518,H20,2
1737,H2O,9
4936,H30,2
1911,Hadanero,1
2696,Hades_the_Violet,3
3572,HAERO,1
1946,Hainu_일본,3
6469,Hajime_Niwa_collective,1
1451,HALO,1
2346,HAMACHN,1
6487,Hasegawa_Kaori,1
4720,Hatch,4
1105,HATI,1
5294,HEAD,8
1109,HEAD_TURNER,19
3250,Headturner,2
1932,HealerLeagueList,1
2925,Heimlich_county_gun_club,4
1718,Heisenberg,4
3106,Hell_and_Hell,1
3322,Hello_Rana,2
4624,HEO,7
4393,HEYOU,2
5720,HFG,2
5359,HG_Funktronic,4
2256,Highway_9,1
825,Hill,1
1776,HJ,1
4074,HMK,2
795,Homeless,2
2595,Hooky,1
6792,Hosts,1
2566,Hot_Cranes,1
183,Hot_Feet,1
1308,Hound,4
3093,How_To_Love_밴드,3
5509,HOWON_JAZZ_TRIO,1
1652,HR시간,75
1395,Hu_Ju,1
3247,Hums,3
2574,Huqueymsaw,4
5829,Hyoki_and_Cho_Yoon_Seung_and_Joe_Power,1
2249,I_M,1
6752,I_WEAR_EXPERIMENT,1
847,i-FN,1
5221,I.F,1
3340,I:MAGINE,1
5383,IARA_Project,1
2125,IC밴드,1
2568,Igniter,9
1988,ILLY_J일리제이,1
3850,IMGL,58
601,In_a_Daze,1
141,iNOO,1
3212,Invictus,1
4710,Iron_Lung,1
3283,J-Path,1
985,J-Tong,5
1979,J-U,2
1869,J.E.S_Play,1
6876,Jade_Van_Vuuren,1
1758,JahExcretion,3
1498,Jail_Guitar_Doors,1
2770,Jake_Pains,1
1934,James_Wallsh_of_StarSailor,1
2525,Japandroids,2
2262,Jason_Bezzle,1
3131,Jay_D_Standard,1
453,JAZZ_비빔밥,1
722,Jazzhop,1
6960,jazzologist,1
5022,Jazzy_prez,1
2380,jeshe,8
2246,Jennifer_Waescher,1
1265,Jerry.K,5
5715,Jesse_Davis_Quartet,1
6129,Jesse_Fischer,1
4570,JH,1
1975,JIN,1
5679,Jin_Kim_The_JazzUnit,1
2693,JJK,3
4656,JNS,3
5262,Joao_Martins_Quintet_1,1
4556,Joe_Jang,2
5396,Joe_Powers_Quartet,1
4266,Joey,2
573,John,3
2270,John_Hughes,1
2266,John_Valentine,1
4596,Johnnie_Buno,1
2253,Johnny_Red,2
2014,Johnny_Royal,3
2352,JOKERTWN,1
2994,Jonro_Sound,1
394,Joon_Lee_이준석,1
2267,Josh_Goodman,1
2425,Josh_Roy,1
5446,JPOWER,1
6317,JS_quartet,1
5567,JSFA,5
2359,JUDE쥬드,8
2223,Junk_Class,1
2261,Just_friends,2
784,Justice,0
208,JUSTIN_MICHAEL,0
6034,JW밴드,1
1861,K-OFF,1
1309,K-Rock,1
3644,K.E.B신윤철하세가와요헤이,1
3955,Kabo,1
5313,Kaffeehaus,2
5538,Kaffehaus,1
1653,Kar,1
3902,KarL,1
6666,Kayo_Hiraki_Qualtet,1
1849,KC_BRIDGE,1
6022,Keep_Blue,1
2965,Keith_Jung,1
5569,Kenji_Omae_Quartet,1
2255,Kerry_Smith,1
2771,Kholo,1
2762,Kickki_킼키,2
3915,Kids_On_The_Move,1
2238,Kimchi_Cowboys,2
6982,Kimiya_satoandKota_Arai_Duo,1
5036,Kingdumbs,1
2663,Kisswitch,1
1304,KnockDown,13
1970,KnuckleandTama,1
265,Korakora,1
5148,Kou_Katsuyoshi,2
3214,ksk_gloove,1
1759,Kurodenwa_666,3
3770,L.O.D,1
5773,La_Ventana_Electric_Project,1
2180,Lad_Monkeys,1
3320,LAKE,2
2274,Language_of_Shapes,7
5362,Largo,1
6620,LASS,1
5815,Lasse_Golz_Quartet,1
1148,Last_Of_The_Diehards,13
5798,Laurent_Maur,1
1454,Lavender_Blush,3
763,LE_Logical_Emotion,1
5749,Lees,1
5094,LEENTZ,1
1404,Left_side_Exit,1
1420,Light_Rain_Shower,6
2634,Like_a_Fox,2
1396,Lily_Glass,1
3647,Little_Comet-Aly,1
2316,Little_Dance_Music,1
6204,Little_Tree_Band,2
6341,Little_tree_Band,1
2021,Lizardman_Spain,1
2259,Lizzie_and_Geoff,1
2228,LO,2
2503,Local_Yokels,1
2292,Locofrank,2
261,Look_and_Listen,60
6282,LOStrio,2
3105,Louvent,2
3251,Low_Feels,1
6895,lpp,2
6962,Lukas_Gabric_Quartet,1
1271,LUNATIC_OB,1
2549,Lymbyc_Systym,3
6978,M_스타일_밴드,1
5283,M-Bros,1
463,M.A.S.H.,1
6917,M.K.P_Band,1
1007,M.U.N.G,3
3289,M2U,2
5432,Mada120,2
2152,Madmans_Espirit,1
5716,Madmoiselle_S,2
5600,Madmoiselle_S,1
2799,magic_touch,1
467,Magna_Fall,71
2658,Maison_de_J,1
5366,Majdub,3
1888,Man_in_Love,1
2564,MANDIBLA,1
2987,Manixive,30
1951,Martin,2
5696,Martin_Jacobsen,1
5483,Martin_Jacobsen_Quintet,1
5428,Martin_Zenker_Quartet,1
5333,Mary_Ocher,1
3795,Marys_Soundtrack,1
6421,masterclass,1
6486,Matsumoto_Toshimasa,1
1465,maundrie_fox,2
2535,Mavi_Alev,1
3499,Max_Reynolds,6
3299,MayNiNe,1
5598,MC_Lee_Band,1
749,MC_메타_and_DJ_렉스,2
2353,MC_스나이퍼,7
4637,MC청정,1
3198,MDS,2
3265,ME_ME_ME!_미미미!,3
2426,Megook_Movement,1
2464,Merry_Go_Round,16
4494,messgram,5
2852,Messy_G.,3
1092,Metamorphosis,18
5326,MFBTY,1
2248,Mia_Zepeda,1
2250,Michael_Edward_Flanigan,1
2786,MildpoM,2
2669,Millstone_Grit,2
6889,Milton_Suggs_Quartet,1
3787,Misty_Mellow,1
5105,Miwa_Jiro,1
2422,Mixed_Blood,10
5504,MKS_프로젝트,13
2475,Mmazel,1
1437,Moip,1
1506,MOJA,2
3641,MOK,1
3290,mondaystudio,3
6732,mong,1
5706,Mongtooth,1
1141,Moodcela,1
2437,Moon_4,2
1310,Moon4出,2
1594,Moonscent문센트,13
2958,More_Deep,1
2408,Mr_Headbutt,6
1969,MR.JH.K.,1
2335,Multi-EgoCHN,1
664,MUNG,5
240,My_Last_Days,1
3109,My_Last_Enemy,7
2769,MYK,3
1797,M밴드,1
1720,N.B.Rock,4
3868,N.P._Union,1
2499,Na_Vida,3
1962,Nacca_일본,1
2338,nakazawa_nobuyoshiJPN,1
2305,Nakion,1
2436,Nandari,1
2592,narck,3
5429,Natalie_John_Quartet,1
4352,Natural_T,3
2240,Naughty_Ajeoshi,1
2421,Navah,2
6066,Neo_hybrid_jazz_ensemble_VAM,2
2747,New_Blue_Death,19
1272,NEW_SHIT_AREA,1
2341,NEW_TANKCHN,1
3127,New_Wave_Pollies,1
5563,Nice_Legs,3
2257,Nick_Iacovino,1
6619,Night_Marks_Electric_Trio,1
1130,NIGHT_OCLOCK,3
6727,Night_of_Wonder,3
5830,Nikaido_Kazumi,1
1243,NINE,1
1576,NO_EXCUSE,8
1307,No_Trash,2
5345,no.449,1
5114,Noel,1
4998,Noisecat_Drone_Spacelines,4
1556,NON_논,20
1687,Norman_People,1
5424,not_from_here,1
1647,NOTRASH,9
2117,NOWhere_노웨어,13
3773,NP_UNION,4
6080,NS_Jazz_Band,1
2206,nukie,61
3797,NUNA,11
2691,Nusoul,1
2817,O.A.,3
3378,Oceans_Aflame,1
724,Ode,3
2497,Odieri,1
3537,Odokemono_JP,2
6428,OFUS_오퍼스,2
3410,Ohata_Yuichi,4
2588,OK_토끼,8
2692,Olltii,2
1813,OMAWARISAN,1
685,ON_SPARROW_HILLS,1
237,On_The_Spot,1
752,One_Hundred_Blossom_Club,9
4711,one_trick_ponies,3
4876,OO,1
2406,Oomori_Seiko,2
1982,OSHARE_Crew,1
3141,OTB,2
364,Outplay,1
2291,Owl_City,1
6311,P1S,3
3471,Pairs,2
399,PALOALTO,5
2671,Pamit,1
2343,PANJPN,1
1595,Pandaz_판다즈,43
1838,Paran_Band,1
4879,Part_Time_Cooks,1
6971,Pasha_Skornyakov_Quintet,1
2086,Payment_Band,2
3213,Peach_Bone,1
1920,Pegi,1
4997,pegurians,7
2378,Pelotan,1
1821,PETE_JUNG_BAND,1
1531,Peter_Knight,1
3189,Phero_D.A,1
3102,PI,21
1110,PICNIC_IN_THE_RAIN,7
5146,pilot_Ryu,1
1705,PINODYNE피노다인,2
2350,PlasticchocolateCHN,1
4073,play_lee,3
4691,PNS,3
3374,PNSB,1
2715,Point-UpJapan,1
1597,Polacostic_폴라코스틱,2
4887,POST,1
2057,Prazma,2
2840,Pregnant,1
2500,Primavera,2
2272,Prison_Murder_Gospel_Trio,1
1972,PRIZMOLIQ,2
2122,ProjectD,3
1684,PruRock_Band,1
2040,PS_I_LOVE_YOU,2
5010,Psych_ape,1
848,Psychics,2
1897,PSYCOBAN,2
1741,Pubaborn_family,1
4923,Publio_Delgado,1
1159,Pullingae,2
6731,pup,1
2004,Purgatorium,5
6479,Purple_Blue,1
1483,Putan,2
759,Q-Han,1
1274,QWALA,2
4690,R4-19,5
1495,Radiots,1
5503,Rafal_Sarnecki_Quartet,1
2688,Rainable,1
1620,Rainbow_Stage_레인보우스테이지,32
1927,RAMPAGE,7
7061,Randy_Johnston_Trio,1
3300,RatraB,1
4447,RE:bell,2
2496,Real_Lights,1
4925,reasco,2
244,REC,1
2556,Red_Cumulus레드_커뮬러스,11
2428,Red_Devil_Sunrise,1
2237,Red_Hot_Kimchi_Peppers,2
5351,Reeds,1
3429,RelowYoung_POT,1
2680,REUNION,1
6533,Richie_Kim_-_리치킴,7
2174,Rima_Kato,1
2652,Ripley_Tao,1
3176,Rita,1
2367,RMHN,5
2245,Rob_Roy,1
3130,Robscenity,3
2225,Rock_D.J_D0ZAD,3
1350,RockSnake,1
5008,RokiS,1
4724,roo,1
243,Room_335,1
1408,Rooster_Ride,7
1056,Root,9
5299,Round_A_Round,3
121,RRM,1
1774,RUBATO_루바토,1
1685,Rubber_Soul,2
3083,Rukh,9
2662,Run-x,10
3497,Ruth_Minnikin,1
2251,Ryan_Gerard,1
5324,S_Line,1
5070,S.A.B,2
3465,S5IN,1
4090,SáMiranda,1
2788,SABO,6
5557,SAM,1
2376,Samara_Lubelski,1
5175,Samba_Choir_알레그리아,2
617,SAPO,1
3133,Saram12Saram,1
5354,SARASU,1
7030,saron,1
2013,Sasquatch,10
1910,Satellite_City,1
266,Sato_Yukie,6
1648,SAVE_ROAD,2
4735,Say_U,1
1367,SAZA최우준,13
5244,Scarf_Down,1
1989,scomics,1
1275,SCOTCH_VIP,1
6095,Season2_Urban_Jam_Day,85
205,SEBASTIAN,0
1778,SEED,7
2572,Sehee,1
3566,sena,3
2443,Senan_Three,2
2612,sensitive,1
2429,Seoul_Mothers,17
6169,SF프로젝트밴드,1
1825,Shade_of_the_young,2
2738,showdown,1
5727,Shuji_Hata,1
5707,Shuji_Hata_and_Takashi_Kudo_Duo_with_korean_friends,2
2222,Sick-Boy,1
1311,Sidecar,15
2312,Sidecard,1
2088,Silent_Scenary_Malaysia,1
5620,Silvere_rhodes_X_Pigo,1
2849,sima_kim,10
510,simom,1
418,Simon,2
2502,Sina_Duo,1
2016,sina_trio,2
2271,Sinister,2
3275,Sink_to_rise,4
3428,Sio,1
4583,Siren_in_peace,1
4560,Skanking_Bunny,3
1949,Sleepstalker,1
3113,Slow_Dress,9
5947,Slur,1
2675,Smoking_Goose,3
80,Sok,7
484,SO-ME,0
3184,Sol,2
1438,Somah_Dat,1
5959,SOME,1
4165,Some_Old_Story,2
6192,Somnium,1
3637,sonia_yang,2
3427,Sora_Nacca_Toshi,1
4719,Soto_Gamba,1
3104,Sotto_Gamba,1
1580,Souls_over,2
1355,Soulman,4
2797,Sound1307VJ_DominoRenée_Kim,2
1426,Sountruck,86
3341,soup숲,46
3284,South_way,3
6604,SP_Band,1
1499,Spanish_Barrow_In_Guitar,1
5482,Special_Blues_Jam_Day,1
5507,Special_Urban_Jam_Day_with_Original_Host,2
3436,Spooky,1
2653,Square_Root,1
3538,Ssnoob,1
637,SSS,20
636,ST.Diary,3
1227,Staccato_Republic,2
1815,Starlight,2
2694,Stay_Dead,1
2785,STAY_FEVER,10
1128,STAY_THE_SAME,2
1981,STEP_Crew,1
6361,Steve_Pruitt_Jazz_quartet,2
3107,Stratovarius,1
447,Studs_Lonigan_Experience,9
6104,Stunit,2
4450,stupeo,2
1412,Suck_Stuff,3
4248,Sulsa,4
2419,Sultana,1
4204,SUNDRUM,3
2540,Sunny_day_escape,1
1530,Sunny_Kim,3
5259,Super_Jam_Day_-_윤석철trio,131
6546,Super_Jam_Day_Special,2
2433,Suzuki_Tsunekichi,2
2186,SV,10
2452,Sweet_Talk,1
246,Sync,1
5016,T-NAP,2
1673,T7,1
5744,Taal,1
2300,Take_One,3
1044,Tales_Blue,1
4723,Tampas_Dusk,3
3496,Tanqun,1
1237,tapper_유범상,1
1862,TD.B,1
5028,Team_Another_one,1
4578,Tell_and_Listen,1
3142,Ten_Years_Gone,2
3132,Tengger,11
6294,Tenyearsgon,1
405,Terromight,1
1009,TerrorMight,2
2730,TEST_BAND,1
2340,ThaitaniumTHA,1
4102,the_5ppas,10
2339,the_airplaneboysUSA,1
2293,The_Back_Horn,1
4883,The_Bastards_of_Bupyeong,1
5289,the_BIRD,7
4592,The_Bollands,2
2868,The_Breeze,8
6041,The_Clazz,1
1596,The_Cowchips_카우칩스,33
4558,The_Crescents,1
2635,The_Fabulous_Pendejos,1
4155,The_Fake_Place,2
934,The_Fast_Workers,5
577,The_Figure8,1
115,The_Finnn,3
3399,The_Fix,3
2455,The_Freaks,5
6186,The_Geatballs,10
1409,The_Geeks,34
3090,The_Gloss,1
1223,the_HIATUS,1
1544,The_Hollow_Jan,10
4774,The_hoppers,2
1447,The_Hunger_Tree,3
2275,The_International_Goat_Breeders,1
5224,The_Jaxx,4
2430,The_Kitsches,28
8,The_Koxx,24
1254,The_Lake,8
1508,The_Magicians,3
4677,The_Muffs,1
2415,The_Nadds-A-Go-Go,2
2988,The_Pluto,1
2784,THE_POLYTUNES,6
1837,THE_PRIMAL,1
2077,The_Q,1
424,The_QL17,5
400,THE_QUIETT,7
448,The_Rob,1
1717,The_Rub,8
5353,the_ssage,4
2280,The_Total_assholes,1
5068,The_True_Story_of_End,1
2066,The_Vale,11
2212,The_venus,2
2621,the_WADE_웨이드,34
830,the_Waves,3
2263,The_Whale_Summer,1
2444,The_White_Dandelion,1
3013,The_끌림,1
2860,The_메아리,1
2310,Theatre_Poeme_Electronique,1
2290,Thee_Oops,5
4029,TheFakePlace,1
2423,Things_We_Say,11
3190,This_Man,1
2244,Thomas_Shim,1
1803,Thrustache,1
6682,Thursday_Tales,1
2834,Titan_Slang,9
874,TM,1
1777,TO_MY_LAST_BREATH,3
686,TODAY_X_SPOT,4
4563,Tokkaebi,1
5103,Tokyo_Mr_Rain,1
2805,Tommy_6,6
3614,Tommy_Kim_Blues_Band,2
6550,Tommy_Vig,1
5484,tony,1
2431,Total_Assholes,3
4657,Touche_Amore,1
3540,Touristen_Tempo_오스트리아,2
182,Trash_Compactor,1
6273,Trio_Mindpoly,2
678,Trun_For_Our,1
4731,Try_Egg,1
2796,Tschaan,3
5944,tsoii,4
4093,Tsubouchi_Atsushi_and_Zenzai_Kazuya,2
6485,Tsugimatsu_Taisuke,1
2276,Turbo_Torro,2
1147,Turn_For_Our,8
3956,Tweed,1
706,U.M.C,0
1116,UMCUW,1
2342,UNDERGRAPHJPN,1
5045,Unidentified_Noising_Object,2
6463,Unity_Band,1
5419,universal_sigh,1
118,URSULA_looo,1
2285,Us,2
226,Used_Cassettes,30
6422,usemind,1
117,UV,2
6419,various,1
247,Various_Taste,1
1191,VaYu,1
1276,VEE_X_KILLA,1
2865,Vegan_Death,1
792,Ven,3
1150,Vicios_Glare,1
2349,VickeblankaJPN,1
3914,Victor_with_Ki,1
1327,Vital_Sign,1
730,Voice_of_Mind,1
5489,void,1
6719,VRVirtual_Romance눈물,2
5435,VVIN,1
2227,WandJAS,11
124,WandWhale,2
3181,Walking_After_U_워킹_애프터_유,46
3328,war_in_the_bed,11
6195,Warm웜,1
2164,Watersports_워터스포츠,2
5774,WAVE_김용수_Project_Group,2
1351,Way_100Seal.H,7
656,We_Walked_With_Lions,2
5263,Weather_Report_Tribute_Project,3
5285,Whales_Ave,6
3408,White_Reed_Caravan,7
2395,White_Soup,1
5989,WOLF,2
1907,Wolfgang_Schoenecker,1
2447,WON,8
1407,Woody_box,1
2545,WOOMIN,3
3737,Woozy,4
707,Worst_Ambush,0
2842,Wye_Oak,2
4835,Ximzero,1
4452,XOX,12
1629,XYZ,3
5728,Ya!_Voices,1
1368,YB윤도현밴드,7
2861,Ye-in_Story,1
6424,yein,1
5015,YELLO_STACK_GANG,1
4210,Yes_IM_Dead,2
6830,YMC연남동메탈시티,1
5099,yoon,4
1402,You_Know_Me_Not,2
1959,YUMI,8
2420,Yuni,1
1698,Yunje,1
2440,Yuppie_Killer,31
2278,Yuppie_Killers,3
2242,Yvon_and_Ryan,1
234,Zach_and_the_Cosmonauts,1
2243,Zakk_Attack,1
6877,Zaky_Wael,1
1364,zebe,1
2504,Zee_Kang,1
2519,Zero_G,9
2657,Zico,1
819,Zion_Luz_Project,3
401,ZION.T,1
1812,Zothique,2
2446,Zujark,1
3335,ZZYZX_지직스,1
6708,Jean_Childhood,2
6439,‎아시안_하모니_밴드,1
7054,ㄱㅁㅇ,1
1349,死魂,1
5090,王JAZEERA,1
1814,王國,4
2678,가게_프로젝트,3
4877,가라사대,1
6480,가로,1
6526,가로,10
4399,가리수봉,6
43,가리온_garion,12
1417,가시,19
5964,가야금_앙상블_SET,3
169,가을방학,18
1938,가이스트,1
5355,가이스트,1
732,가자미소년단,51
4106,가지틈,2
875,가토나오키,5
437,가호,24
1762,간지구락부,1
1842,갈릭스,61
1166,감성다락방프로젝트,3
4373,감성주의,46
1548,감성치유,7
5229,감성팔이,1
4112,감자와_고구마,4
2460,강감찬밴드,9
1743,강건너비행소녀,1
6175,강고은,1
6137,강대웅,5
4176,강민철_트리오,1
6168,강백수,4
2940,강백수밴드,38
6979,강북음악크루,3
782,강산에,10
4238,강석호,18
5571,강성민,1
4338,강소라,1
1197,강신우,1
2096,강아솔,58
6267,강연욱,1
5158,강용욱,1
436,강유유히,1
4948,강유현_외_4명,1
5111,강윤미,2
720,강윤미_Quartet,1
6010,강은하,1
6134,강이채,4
6248,강전한,4
4831,강전호프로젝트,1
6427,강지은퀄텟,1
6624,강천풍과_허리케인,12
667,강태구,30
579,강토,9
6399,강하늘별,1
5487,강하림,3
6729,강한별,1
597,강허달림,10
4020,강헌구,5
6372,강현규,2
5873,강현준,1
6974,강혜정Quintet,1
4390,개가튼드라마,1
2750,개념의상실,5
2851,개떼들,4
5349,개막장,1
620,개맹이,1
1796,개미밴드,2
2843,개인버스,11
1978,개인플레이,4
3649,개차반,2
3163,객,2
16,갤럭시_익스프레스,109
1380,갭틴붓보이즈,1
3352,갱상도,1
5624,거누,14
6905,거누의_좌절된희망들,2
2781,거닐숨,26
4858,거리,3
4954,거리의시인,1
316,거북이손가락,17
4753,거짓말쟁이조조,6
257,거츠_Gutz,24
502,거친참치들,10
1964,건봉Crew,1
5071,건탁,4
1751,건훈씨,3
4634,검은잎들,29
1339,검은행성,4
6,검정치마,4
2700,게으른_오후,3
836,게이트,1
24,게이트플라워즈_Gate_Flowers,70
6098,겐그레아,15
5226,겨울다방,1
7047,겨울을_기다리는_봄,1
3561,겨자맛딸기,3
1901,계란장수,3
3513,계수정,1
950,계피,3
7018,계피자매,1
7006,고갱,1
865,고경천,4
1245,고고보이스,59
22,고고스타,93
1002,고구려밴드,11
3842,고나비,4
1609,고나비,21
4617,고니,1
6358,고래상어,1
387,고래야_coreyah,28
6913,고래와_정민,2
3084,고로케,14
3004,고로케조로케,1
2926,고망똘라,1
3589,고민,2
5718,고범준,1
6723,고병구스탠더_-_Stander,2
6502,고병구스펌스,4
736,고상지,9
634,고상지최문석윤종수_트리오,2
5361,고색창연,1
4654,고세정,4
1850,고소귤,8
618,고속버스터미널,1
3029,고스트,1
4721,고스트윈드,1
5161,고스트플랙스,1
1683,고양이가물을싫어해,1
3170,고영배,3
3886,고요,4
4982,고요한_가을,42
5231,고운사람,3
6592,고유진_퀄텟,1
3970,고의석,6
5615,고인호,7
6327,고재규,3
6365,고정,1
3023,고희안,8
5346,곡두,1
2329,곤,10
3772,골드멤버,4
4581,골드문트,3
3670,골드판다,1
6816,골든두들,1
3091,골든스윙밴드,4
2485,골든티켓,20
3909,골든힐,3
5228,골목등대,1
2113,곰팡이,1
2968,곰피디,1
5074,곱기역,1
4056,곱창에소주,3
2427,곱창전골,21
5052,공감대로,2
1257,공격대,13
4002,공구리,8
5520,공기공단,1
6240,공기남녀,1
2345,공명,1
2598,공복사운드라오,5
6861,공세영,2
5714,공업용,1
5204,공연없음,1
2838,공중그네The_Trapeze,2
7089,공중그늘,1
4544,공중전화,6
6138,공포의_키다리,1
4418,과대불판사용금지,17
553,과매기_GWAMEGI,39
5140,과수원,2
5591,곽영일,1
6326,곽정민,1
5708,곽정민_Quintet,2
6791,곽주나,2
6562,곽지웅,1
3306,곽진언,23
844,곽푸른하늘,88
5918,곽호재,1
1739,관계맺음,9
1666,관심병사,3
2818,관자놀이코브라펀치,10
6018,광흥창_Quartet,1
4249,괴뢰무당,3
469,괴물서커스단,4
2409,교라이교_魚雷魚,6
3458,교정,16
51,구남과여라이딩스텔라_goonamguayeoridingstella,76
4460,구로동_휘발유,1
1824,구름,4
6203,구름달,4
2969,구릉열차,14
6983,구본승X이기연,1
5566,구본암,3
5169,구본암_밴드,5
290,구상모,1
4991,구승모,1
665,구체적인_밴드,8
319,구텐버즈_Guten_Birds,87
4116,구토와눈물,4
1630,국가대표,1
158,국카스텐_Guckkasten,10
1915,국회슈퍼,1
1879,굴소년단,21
3664,굿나잇_파트라슈,10
6162,굿나잇스탠드,3
5641,굿모닝달리,4
5183,굿모닝달리,6
2898,굿모닝키즈,9
5331,굿바이_브루클린,2
3903,굿바이_카뮈,1
3166,굿바이모닝,18
6695,굿바이웬디,8
814,권기욱권영욱,1
3829,권나무,33
962,권민석,1
1443,권병준,2
6011,권선희,1
4630,권세준,1
2546,권순관,5
5084,권신제,20
578,권악사,1
5805,권용민,1
385,권우유와_위대한항해,22
3171,권정열,1
1510,권주원,9
3393,권지영,22
1449,권협,1
1244,궐,1
3892,규목,3
595,귤,1
301,그_사람_프로젝트,6
6621,그_냥,3
6447,그날_본_꽃,1
6925,그날본꽃,1
4803,그날오후,2
5160,그날의_기분,1
6958,그냥,2
2229,그냥_찬휘씨,173
2170,그네와_꽃,33
5913,그노,5
3719,그늘,2
2971,그때_걔네,48
3983,그라치,3
6207,그란디,3
3157,그레이,14
1615,그레이웨이,21
3248,그레이즈,1
6596,그레이트리,11
6501,그레이트볼스,6
2828,그루,2
4499,그루,4
5072,그루,2
3126,그루브9,1
1935,그루브리와_전자친구들,1
2137,그루브스팟,2
647,그루비버스_groovy_birth,4
6044,그루잠Groovjam,2
843,그릇,18
287,그리고_너_악단,3
4097,그리고4월,5
1285,그리고너악단,4
1353,그리지오가또,6
569,그린,5
4068,그린돌핀스트리트,11
4480,그린망고,10
2806,그림자들,2
882,극도,7
4013,극렬,4
955,극초단파,16
6141,글래드_파티,1
145,글렌체크,31
1829,글루미_써티스_Gloomy_30s,20
250,글루미몽키즈_Gloomy_Monkeys,5
6618,글루미시즌_-_Gloomy_Season,2
4307,글루비버스,1
4526,글리,4
3216,글리터링_블랙니스폴,3
6862,금공강,1
3332,금붕어와_넥타이,6
708,기린,30
3863,기린홀릭,3
2139,기면승,43
3628,기술부,3
4468,기억나무,3
1428,기준영,1
1818,기치,16
6378,기타치는_세남자,11
2593,기타쿠스,2
5381,기타킹,1
4933,기프트_밴드,12
389,긴머리수염꽃미소,2
4762,길가는_밴드,2
5378,길민지,3
1365,김C,1
1560,김가은,8
6668,김각성,2
2746,김각성밴드,4
2102,김간지,20
3498,김간지x하헌진,44
764,김거지,38
6072,김건세_Quartet,1
6189,김건주_고요한가을,3
4436,김겨울,21
3822,김경빈,2
73,김경은,1
5999,김경주,2
5828,김경주-넷,3
3891,김경진,1
6567,김경진,1
6568,김경진드림보트,2
1928,김경호밴드,2
3699,김곤,3
3426,김과리,17
4884,김광석,1
4795,김교은,9
1757,김규식and무누스앙상블,1
5363,김규하,6
5985,김규하_쿼텟,3
6637,김그레_오리엔탈쇼커스,5
2474,김그림,2
4017,김그앙양상상,11
4780,김기범,1
6843,김기원,3
4150,김기은_and_오지호_duo,1
4048,김기타,2
5458,김기현,3
3946,김기홍,1
4359,김꽃,7
3676,김나형,1
6369,김다운,1
5590,김대경,1
5232,김대현,1
4362,김덥,2
3046,김도균,4
696,김도연,32
5646,김도영_Quartet,1
3092,김동민밴드,1
5786,김동석,1
6554,김동훈,1
1068,김두수,4
5468,김두원,1
4840,김마루GIMMARU,4
312,김마스타,70
6774,김마스타_트리오,1
6642,김명수,2
6561,김명원,3
2173,김목경_블루스_밴드,3
303,김목인,95
2928,김므즈,1
5874,김미경,1
6968,김미현,1
110,김민규,3
3723,김민석,1
4970,김민세,1
4336,김민송,1
6454,김민우,1
6549,김민자,1
5249,김민주,1
5108,김민지,2
6056,김민희,1
2471,김바다,16
1727,김바이올린,3
1266,김박첼라,2
2002,김반장,12
5281,김반장과_한마당스,1
6323,김범우_x_이현우,3
5626,김병수,2
4812,김보경,2
1479,김보령,3
2938,김봄눈별,3
2098,김사과,3
361,김사랑,18
1393,김사월,46
4586,김사월X김해원,23
5589,김상수,1
6061,김새한길,1
1098,김샛별,6
7040,김서환,1
5582,김선영,1
2654,김선욱,30
5218,김성민,1
149,김성배_Quintet,1
6333,김성수_Electric_Band,1
392,김성수밴드,1
776,김성윤,4
967,김성윤밴드,2
7028,김성환,1
810,김성희,1
3668,김세영,3
6313,김세영_트리오,3
2472,김세헌_EVE,4
3447,김세형,1
3005,김세희,1
3395,김소영,2
4220,김소피,1
3122,김손손,4
6016,김수곤,3
190,김수빈,2
2140,김수진,3
3756,김수현,1
6356,김숙형,1
6223,김승리,1
6407,김승범밴드,1
6076,김승언_Jazz_Project,1
2281,김승재,1
3971,김승환,4
5631,김승환_기타_트리오,1
5291,김승환X찰리정_Quartet,1
6000,김시성,4
4007,김시연,1
5438,김시율,2
5941,김신영,4
3849,김연진,1
4687,김영구,17
4240,김영국,6
299,김영규,27
340,김영기,1
5258,김영수,1
5514,김영우스윗소로우,1
4377,김영준,3
6462,김영준_쿼텟,1
5878,김영진,3
4483,김영진밴드,2
4688,김영후,5
5486,김예광,5
3350,김예솔,2
4695,김예슬,4
6030,김예중,5
3584,김오안,1
3298,김오키,13
3532,김오키_동양청년,13
3017,김오현,7
585,김완선_밴드,2
1884,김완형,22
1118,김완형밴드,1
1427,김용,3
762,김용숙_트리오,1
5578,김욱,2
6689,김원준,1
4326,김유나,2
5937,김유성,2
6367,김윤희,1
6684,김은미_Quartet,2
1826,김은미프로젝트,2
5923,김은정,1
5517,김은지,1
6489,김은태,1
5938,김은혜,1
6176,김이슬기,2
523,김일두,43
3869,김일안_처절한기타맨,2
7073,김일진,2
4520,김재민,1
7016,김재훈,1
629,김정식,1
4978,김제경,1
5750,김제형,9
3011,김종락,1
3045,김종서,3
6340,김주헌,2
5112,김주환,1
6686,김준범_Quartet,4
163,김지수,20
3397,김지안,8
3887,김지혜,1
5759,김지호,8
6557,김지훈,3
6790,김진규,1
6350,김진목,1
3327,김진목트램펄린,2
5942,김창기,1
6093,김창기밴드,1
783,김창완_밴드,5
625,김창현_Quartet,1
5909,김책_그룹_:_The_Ensemble_Democratic,15
6017,김철호,2
6580,김태우,1
2124,김태춘,65
1332,김태훈,3
2321,김토일,9
580,김튤립,2
7031,김평안,1
6664,김프리,1
4701,김하나_nest_NADA_실장,1
6453,김하늘_x_강한별,1
5492,김학수_어쿠스틱_밴드,1
3648,김학진,1
4788,김한나,1
5738,김한성,1
7043,김한울,1
3482,김해원,5
5881,김현,1
6014,김현동,2
6927,김현미,1
5255,김현미_Quintet,2
4660,김현성,3
6037,김현태_Quartet,1
6336,김형준,2
5629,김형준_and_준_킴,1
6107,김형준_FFP_funky_fusion_project,1
6718,김형준밴드,1
6122,김호중,1
6241,김홍기_어쿠스틱_그룹,1
5871,김홍석,2
6206,김효린,1
5983,김효영,2
4822,김효정,1
6079,김희영_Jazz_Group,1
5109,김희원,1
4602,까나리소다,2
1788,까마귀,30
532,깐돌_Quandol,2
2966,깐따삐아,3
4601,깜악귀,2
6860,꼬리물기,4
4569,꼼마,1
5079,꽃과벌,11
2751,꽃과별,3
4658,꽃다지,1
3494,꽃의_아이들,1
4905,꽃잠프로젝트,6
4060,꽃즈,3
4802,꽃지수,1
4545,꽈배기장수,3
1798,꽝꽝나무,3
893,꿈에_카메라를_가져올걸,27
2801,꿈의_파편,64
4207,꿩박_박길수,11
6772,끝없는잔향속에서우리는,2
2386,나겸,3
751,나나기타,2
3405,나나리론즈,3
6153,나너봄,1
4513,나너뺀하나,2
4199,나누리_밴드,4
1369,나는꼼수다,1
1835,나는모호,12
2752,나는야윤영이,1
5946,나니프리즈,4
4023,나들이,1
5386,나라올라,2
832,나락,11
3240,나란여자,1
2729,나랑_narang,94
4346,나래,1
1863,나래하제,3
5121,나린,1
6360,나린,1
4360,나만_잘하면_되는_밴드,1
1315,나무늘보,1
5556,나무소년,6
6679,나비,10
939,나비,16
3324,나비,6
5691,나비다,5
311,나비맛,34
6131,나비잠_쿼르텟,1
7037,나빌레락,1
6744,나쁜오빠,3
6555,나상현,1
4517,나상현씨밴드,27
6177,나아열,1
4086,나오,1
2897,나오키밴드,1
4894,나윤권,1
251,나윤성,7
1259,나윤성밴드,9
6852,나을밴드,2
4582,나이스레그,8
5443,나이스크림,1
1538,나인,8
4763,나인스,1
675,나인씬_Ninesin,12
2041,나인어클락,27
1562,나인테일,1
4141,나인티즈,6
4142,나인티즈,1
1905,나잇어클락,6
5962,나잠수,5
108,나초푸파_NACHOPUPA,8
35,나티_Naty,12
3731,나팔꽃,18
6881,나플라,1
2232,나피나_Napina,1
3338,나하리,8
5434,나혜영김종화,1
980,나후,33
1823,나희경,9
3344,낙타사막별,19
1600,낙타와_모래주머니,2
3535,난민들,1
5762,날도좋은데,2
5910,날벼락,1
238,날자오뇽,21
701,남경민,41
5775,남경윤_Band,2
4824,남궁진영,3
6570,남극혹등고래,4
6043,남달리,1
5931,남달리트리오,1
5886,남메아리_Qaurtet,1
5336,남메아리TRIO,4
3880,남승호,6
6004,남예지,2
6060,남유선,2
5508,남유선_Quintet,4
3654,남의집이불속,2
671,남재섭,21
5393,남재원,6
6606,남진우_Funky_Band,1
6081,남현욱_Quartet,1
5917,낫이너프,1
330,낭만유랑단,1
513,낭만유랑악단,8
3071,낭만이다,13
2129,낮은_2해,1
3675,내_귀에_도청장치,2
4291,내가_아니라서_참_다행이다,1
30,내귀에_도청장치,72
6871,내면의_공포,1
3907,내츄럴_티,14
6884,내친구구교진,1
4132,너구리단,2
5371,너구리와_두더지,1
4798,너도밤나무,11
7092,너드,1
5321,너보단_그래,1
6374,너울,3
4815,너의주파수,8
914,넉다운,5
5632,넉살,3
4531,넌_아만다,5
4944,넌아만다,9
173,넘버원코리안_No.1_KOREAN,70
5209,네라임,1
4129,네모,3
360,네미시스_Nemesis,54
982,네바다51,14
3833,네오팝스탠다드,13
3563,네오하치,3
7103,네온로직,1
5807,네온마운틴,2
1939,네이브,18
2578,네이브로,9
3409,네임태그,22
5296,네임텍,7
1511,네코스타,9
6777,네트로_바이브_프로젝트,1
3810,넥타이,2
54,노_리스펙트_포_뷰티_No_Respect_For_Beauty,24
3888,노갈,90
5515,노경보옥수사진관,1
4863,노경호,1
5427,노네임드블루스,1
6780,노니파이,1
181,노던사운드_Northern_Sound,5
2050,노래쟁이들,2
5057,노래하는_현준이,1
470,노룬산프로젝트,2
600,노르딕,2
3906,노르딕_아이,1
7074,노르웨이_숲,1
1575,노르웨이안우드,54
1419,노리,5
52,노리플라이_No_Replay,1
6828,노마드보이즈,2
1220,노멀피플,2
3192,노모_어쿠키,3
6844,노모_NOMO,9
3351,노모어스노우,1
3918,노모어쿠키,55
6298,노미미,5
6841,노바독스,3
4786,노바샘,2
2116,노벰버침니_November_Chimney,1
53,노브레인_No_Brain,48
5746,노선택_and_The_Soul_Sauce,10
7064,노선택과_소울소스,1
6315,노쉘터,3
5681,노스던,1
3578,노아s어쿠스틱,1
852,노이즈_캣_Noise_Cat,7
610,노이지Noeazy,23
4865,노잉글리쉬사이드앵글,15
5107,노준용,7
969,노컨트롤,24
2890,노케이,6
2946,노케이,1
4704,노코멘트,1
441,노트_a_NOTE,2
6775,노티스노트_-_noticenote,2
6646,노틸러스,1
5682,노피치온에어,1
7026,노현진,1
4198,녹색의_장원,2
2638,녹스,32
6112,논픽션맨,5
2027,뇌태풍,1
2362,누가_로라파머를_죽였나,4
5125,누드머핀,1
5880,누이블랑,1
55,눈뜨고_코베인,34
3830,뉴금붕어밴드,6
4846,뉴메릭_씨어터,1
901,뉴미,1
1536,뉴본,2
3521,뉴스,1
2393,뉴시즌,2
1789,뉴아일랜드,9
1001,뉴욕물고기,10
3567,뉴질랜드68,1
791,뉴챔프_New_Champ,1
1416,뉴크,5
1240,뉴클리어스,2
6472,뉴클리어이디엇츠,2
4296,뉴트럴리비도,1
2168,뉴튼,27
3123,느루,28
3972,늑대먹은토끼,5
4843,늘,34
5137,늘품,1
296,늦봄,1
6690,니꾸데이,1
1598,니나노난다,11
4605,니들,1
4980,니들앤잼,1
4011,니스,1
78,니케아_Nickea,14
2912,니키파이브,1
188,니힐,3
4012,님버스_Nimbus,30
3193,닝_트리오,4
3812,닝트리오,9
1114,다락,1
3901,다락방라디오,41
4177,다르다,3
6658,다린,3
2620,다미라트,11
6304,다방,1
516,다브다,37
3640,다섯줄,12
4170,다슬,1
6236,다운더라인,3
1846,다운스트림,4
262,다운인어홀_Down_in_a_Hole,1
3684,다운타운보이즈,10
1280,다운헬,11
6196,다원,1
3114,다이노사우루스,1
2913,다이노펀치,4
3508,다이브스,12
3573,다이브인투,3
4403,다이얼라잇,47
1660,다이얼링에이트,1
1474,다잉_웨스트,4
3673,다크무르,1
4241,다크사이드,1
4717,다크하우스,1
6965,다푸리_풍물패,1
2766,다플루토,2
3938,닥터_링딩,1
359,닥터미라클_Dr.Miracle,1
6940,닥터심슨,1
3070,단비,1
4045,단식광대,46
4285,단정,1
4587,단편선_솔로,6
3771,단편선과_선원들,30
1500,단편숏컷,15
1956,달,1
1588,달과_바둑이,36
6926,달나라다람쥐,1
1519,달나라밴드,3
3555,달달공작소,4
1709,달동네_로망스,1
5401,달뜨는감정,1
1579,달로와,2
425,달리,15
1665,달마선생,36
6602,달무늬,1
3370,달무지개,7
5953,달보드레,3
4705,달언니,1
4983,달언니와_말랑씨,14
584,달에_닿아,4
512,달에핀,3
3282,달좋은밤,7
3217,달콤다방,2
1955,달콤씁쓸한,2
133,달콤한_소금,12
4477,달콤한마디,13
1967,달토끼,2
3982,달핀,3
4740,담비C,19
5417,담소네공방,3
4860,답답이들,1
4766,당당한녀석들,1
3966,당일치기,1
6818,대니보이_앤_더_캐리지스,9
3377,대장장이,4
2629,대현,53
4167,대현with조씨,14
2814,더_나이트_아울the_Night_owl,4
6950,더_더블유,1
3826,더_데이즈,1
4918,더_러키즈,2
6822,더_레드치킨,1
3199,더_레이시오스,4
4243,더_로이스The_Rois,1
1712,더_루머스,5
2493,더_리딩클럽_The_Reading_Club,19
6516,더_마리화나_오브_재즈,1
3916,더_모노톤즈,28
1527,더_뮤,1
5395,더_버건디,11
655,더_베거스,148
5770,더_베인,22
6438,더_브이브이,1
3908,더_블라인드,1
61,더_블랙슈_the_Black_Shoe,3
693,더_비스츠_THE_BEASTS,1
6359,더_솝,1
3712,더_스토리안,1
518,더_스투피드The_Stupid,3
640,더_스트레이_the_Stray,16
6629,더_스티브_맥퀸스,1
5418,더_아트_빌딩_플레이트,1
5721,더_예스터,4
3057,더_와겐_The_Wagen,1
4496,더_우지,8
505,더_유나이티드93_The_UNITED93,26
3483,더_제이워커,5
1585,더_케라틴즈,31
320,더_큅_The_Quip,41
2202,더_타디스,7
4195,더_팬시,5
6823,더_폴스_-_The_POLES,6
3055,더_프라이머리_The_Primary,4
4946,더_플레이트,1
859,더_필름_The_Film,9
6900,더_한즈,1
6625,더_헤드,9
4226,더_홀The_Hole,2
3101,더_히스테릭스,32
1456,더_히치하이커,3
3645,더다잉사이렌인도네시아,2
172,더더밴드_TheThE_BAND,1
1140,더레슬러,20
1188,더레이크,29
1051,더루스터스,137
918,더루져스,22
313,더문,5
1633,더뮤,1
6802,더뮤지션스,1
6746,더바코드,12
1320,더블덱,1
3173,더블라스트,2
3991,더블라인드,2
5666,더블플랫,1
2640,더스키,1
4255,더스토리안,1
1841,더스티블루,1
4281,더스티튜브,1
7107,더에이팝,1
1587,더원스,1
807,더큐,3
537,더크랙_Crack,11
2573,더키치스_The_Kitches,21
6283,더튜나스,1
4065,더티라콘,16
5501,더티블렌드,14
1672,더티풋,5
1334,더파더스,1
1701,더페이즈,2
4867,더플레인,1
4869,더플레인,1
1211,더한소리,14
5734,더한즈,19
4807,더행거스,11
1542,더홀,25
3720,더힐링,2
4181,덕밴,4
700,덕스,23
6683,덕스트릿,3
5225,던글로우,1
5921,던들,1
4940,던말릭,2
6266,던컨,1
3814,덜세이,2
4119,데드각카스,16
1521,데드버튼즈,119
6314,데드청스,1
1876,데릭_DERRICK,15
642,데미안더밴드_Demian_The_Band,3
2643,데미지아,5
48,데빌이소마르코_Devil_E_So_Marko,7
4778,데스팟,2
2921,데어나인,4
5811,데오나,12
4956,데이_오브_모닝,3
327,데이드림,34
3302,데이리랜드_유스,2
157,데이브레이크_Daybreak,42
3509,데이빗_베비라콰,1
5649,데이식스,7
2080,데이원,4
2624,데이즈,15
4376,데이즈정우,11
2121,데일리_노트,31
7086,데일리블루,1
6199,데일릿지,10
6944,데카당DECADENT,2
94,델리스파이스_DeliSpice,23
956,뎁,1
3487,뎁인뎁쇼,5
2844,도그_라스트_페이지,28
1455,도그스타,7
402,도끼Dok2,9
1750,도노반과_제3행성,5
3838,도노반과제3행성,1
6119,도담,2
4049,도도,1
2317,도도어스,32
4182,도듀,1
5958,도리토리,6
338,도린,2
4208,도마,63
2607,도성희오소리,2
6074,도승은_Quartet,1
697,도시락밴드,2
5755,도시총각,2
4178,도은영,1
684,도재명,1
3443,독산,2
1845,돈스파이크,1
2195,돌연한출발,5
3958,동경소녀,19
575,동교동_감귤,1
766,동교로111조문근일락리치킴,4
5003,동네,7
4356,동네빵집,5
2461,동네오빠들,1
3824,동래,1
2019,동묘폴리스박스,21
5608,동안,2
7098,동양고주파,1
5839,동양표준음향사,3
6824,동이혼,1
5580,되감기,2
4215,된장남_임윤환,1
3150,두_소녀,1
805,두개,1
4425,두나무밴드,2
4041,두번째달,8
1729,두부밴드,1
5194,두사람,3
4511,두왑사운즈,2
5655,두후니,1
1354,듀플로이,2
3185,드라이래빗,1
841,드라이브_샤워_DRIVE_SHOWER,23
1231,드라이플라워,3
3776,드래곤앨리,2
1203,드래곤헤드마운틴파크DHMP_용두산공원밴드,6
4404,드럼_앤_피아노,12
5267,드레인,23
921,드레인어스,7
3851,드렉슬비츠,2
2528,드론고,2
2808,드론고DRONGO,10
335,드린지오_Dringe_Augh,33
4838,드림보트,30
3512,드링킹소년소녀합창단,15
5086,디_언커버즈,10
6572,디_에이드,1
3505,디디스,2
2511,디미니쉬드Diminished,3
3935,디사이드,1
1502,디셈버,1
2956,디스_맨,1
3008,디스맨,14
3069,디스윌디스트로이유,5
4342,디스이즈패러랠월드,2
4411,디스코팡팡,1
4771,디스쿨,1
1424,디스피켜,3
220,디아블로_DIablo,25
276,디어클라우드_Dear_Cloud,23
3406,디어헌터,1
4415,디얼라이프,2
6258,디원,1
1713,디자인,43
674,디제이_유니크_쉐도우_DJ_UNIQUE_SHADOW,3
5585,디제이_진호,1
406,디젤_스니커즈_DIESEL_SNEAKERS,12
1857,디지트,1
6797,디텍티브_에이전시,1
2627,디토무드,17
4422,디폴,1
3688,디피사운드,7
4503,디필링,1
883,디하이트,24
5966,디히포,1
468,딕펑스_DICKPUNKS,25
4322,딜런,4
5725,딜리카,1
3480,딜리탕스,4
611,딥그레이,23
3687,딥스,4
790,딥플로우_Deepflow,7
6161,딩클리,1
772,따가운여자들,2
2687,따밴,4
5227,딴따라소울,1
4577,땅고비올레,2
3012,땅콩크래커,2
6691,땐싱누들,4
1976,똘2,1
4521,뚜룹다세션,1
1122,뚝딱이,1
4103,뚝배기들,13
1366,뜨거운감자,3
63,라_벤타나_La_Ventana,4
4246,라_이슬라_보니따,3
3202,라가머핀,3
1999,라국산,1
4754,라기,1
3685,라나,1
4533,라니라니,2
6396,라데,2
3657,라디오데이즈,10
3818,라디오데이즈,2
6139,라디오쇼크,1
2847,라디오스타,1
3581,라라라이엇,3
2845,라라랜드,3
7066,라라비,1
72,라루나_LALUNA,1
6669,라베이,1
6614,라베이,1
3136,라벨,19
3523,라보엠,2
7033,라부,1
7027,라비뉴,1
3546,라비에벨,1
2286,라스트씬필름,22
5316,라스파야스,4
4193,라야밴드,5
1539,라오,8
5552,라온_강호_미호,1
539,라온제나,35
2936,라우들리데시벨,5
5810,라우라우와_친구들,1
2135,라운드투,23
3047,라운드헤즈,10
6644,라유나,1
71,라이너스의_담요_Linuss_Blanket,26
2894,라이노_어쿠스틱,11
4366,라이브유빈,1
1617,라이어밴드Liar_Band,1
1767,라이엇_키즈,15
5426,라이즈_투_비_얼라이브,1
1540,라이커멜로,8
4343,라이트다운프로젝트,1
605,라이프_싸이클_Life_Cycle,4
616,라이프_온_Life_On,25
4153,라이프앤타임,40
1352,라임베리,51
3027,라자루스_벤데타,2
6383,라즈모드,1
879,라즈베리필드_Raspberry_Field,4
1238,라츠,1
4648,라쿤,1
5410,라틴재즈_올스타즈_류복성,22
818,라퍼커션_Rapercussion,11
6854,라펠코프,4
3775,라피스라줄리,14
1601,라피아타,1
4752,라핀,3
2846,락커스패션,56
291,락쿤,13
4021,락킨로드,1
68,락타이거즈_The_Rocktigers,43
4828,락튜러스,2
4829,락튜러스,1
827,랄라스윗,15
4943,람다,1
2149,래디오RADIO,2
5627,랜드오브피스,36
6085,랜삘,2
5761,랜필,1
6705,램즈,2
1795,램페이지,1
1942,랩질,3
1012,러버더키,31
2827,러브_플라잉_콰르텟,2
3249,러브샵,2
954,러브엑스테레오Love_X_Stereo_,159
4140,러브오어낫,41
7091,러블레스,4
5950,러블리벗,1
1529,러블퍼즐,2
5233,러스트포유스,1
6284,러프_컷츠,4
1543,럭스,43
4280,럭키스트릿,36
6417,런던아이,2
4631,런던퍼즈,1
1853,런치송,1
2632,레_세일즈_Les_Sales,85
1781,레게장수,1
3261,레고,1
3440,레고유,1
70,레나타_수어사이드_Renata_Suicide,6
6989,레너게이드,1
7065,레드_스트라이프,1
4409,레드_터스크,1
3222,레드_판다,2
5132,레드닷,49
3099,레드데이,1
769,레드로우_RED_LOW,13
6556,레드머플러,1
2896,레드모션,16
2068,레드벨벳,4
506,레드사인,75
6954,레드소넷,1
906,레드체스,1
2069,레드코트,5
6564,레드펭귄스,1
3380,레디오_데이즈,1
6953,레디칼,1
4000,레몬센트,1
5748,레미디,1
4598,레베카,1
58,레스카_ReSka,18
2906,레어플레닛,1
6288,레오나르도_브라보,1
2369,레오폰,2
4505,레이니웨이,1
3484,레이디버드,34
3364,레이디스,6
4653,레이린,6
3139,레이백,5
5639,레이백사운드,2
3949,레이브릭스,146
2171,레이지본,25
4744,레인메이커,1
1791,레인버드,1
3116,레인보우_99,21
3560,레인스코드,1
1022,레전드,4
5693,레조넌스_트리오,2
4147,레터_플로우,6
6680,레터플로우,1
5663,레트로_킹,4
1134,레트로밤,5
3785,레트루아,6
2531,렉시트,16
4120,렌_LEN,7
403,렘넌츠_옵_더_폴른Remnants_Of_The_Fallen,21
2075,렘수면상태의밴드,13
4219,렛츠,24
3357,로꼬,2
3748,로니세븐,7
4374,로다밴드,2
59,로다운30_lowdown30,79
475,로드런너_Roadrunner,4
3889,로드킬,9
5733,로디소,3
709,로로스_Loros,7
1046,로만티카,62
4966,로맨스탭,11
3172,로맨티스코,1
561,로맨틱_레슬러,2
2402,로맨틱멜로디초비,6
864,로맨틱모먼트_Romantic_Moment,22
3698,로맨틱어프로치,3
143,로맨틱펀치_Romantic_Punch,113
4590,로맨틱플로어,4
4347,로메론,1
4914,로멘틱모먼트,2
6290,로바이페퍼스,8
1457,로보토미,26
6740,로비끄,1
5868,로빅,2
5116,로빈,1
3048,로스_아미고스,2
2604,로스팅_Roasting,2
2910,로아,27
5954,로열파이럿츠,1
4231,로우슬로우,8
6665,로우엔드프로젝트,1
6522,로우파이Lo-Fi,2
3153,로우필즈,28
3339,로즈,27
3075,로즈메리_Rosemary,3
476,로즈웰_러드_Roswell_Rudd,1
130,로지피피_RossyPP,8
5143,로컬버스,25
932,로켓다이어리,23
5448,로켓트_아가씨,1
1177,로켓트리,21
3541,로켓피쉬탬버린,1
1475,로큰롤_라디오,151
1583,록마,4
5903,롬부스,1
4293,롱디,24
2679,루그나사드,14
1026,루나,2
2637,루나플라이,12
6995,루네스,1
3937,루드페이퍼,4
2297,루디건즈_Rudy_Guns,45
3112,루디스텔로,24
3700,루루,1
1533,루버소울,1
4030,루버스틱,22
464,루벤트,11
3049,루비스타,7
973,루빈,6
3382,루스터,1
3817,루스터,1
1586,루스터라이드,31
229,루시아_Lucia,8
12,루싸이트_토끼,17
4739,루아민,2
6537,루엘,2
7039,루즈_마이_메모리,1
248,루즈_미스티_Loose_Misty,7
5348,루치오,3
6170,루카스,2
3403,루커스,31
681,루트,3
3616,루트_81,1
3595,루트비,9
4329,루프탑스트레이,3
796,루피_LUPI,3
3708,루흐,10
5454,룸_306,2
5352,룸306,10
5724,룸앤루머,3
6826,류범열_Jazz_Quartet,2
3943,류석원,2
6751,류인혁,1
6515,류주영,1
1692,류주희,2
6268,류준,1
6667,류지완,1
802,류타,1
1682,류타밴드,2
3081,류해성,1
5364,륜_and_김종민,2
3984,르메리무스,7
5163,르윈,1
6255,르프렌치코드,56
5230,리겔_밴드,2
6065,리드모스,1
417,리듬팩토리Rhythm_Factory,1
2560,리로트,49
5051,리리컬런,1
1260,리리클블랙펄,5
5365,리마_카토,1
5416,리마밴드,1
1535,리메인즈,112
5039,리버스앤리버스,10
6124,리비섀도,1
1618,리빙스톤데이지,5
6077,리스펙트매니_Trio,1
5269,리승규,3
434,리싸_leeSA,4
4811,리액션파워트리오,1
2615,리얼_라이츠real_lights,1
1786,리얼리스트,1
757,리오밴드_Rio_Band,20
4223,리온델,10
4396,리와인드스퀘어,10
5754,리자베트_루소,2
3003,리즈,16
4938,리코,1
2167,리터,41
3759,리턴보이즈,2
3292,리턴제로,1
1484,리틀벤자민,4
4304,리틀엔,4
3206,리틀즈,1
3638,리프레쉬,6
2599,리플렉스_Reflex,119
4444,린카네이션,9
6023,린트리오,1
2190,림지훈,4
6647,립클릭스,1
6111,릿뮤직,3
823,링고제이_RingoJay,1
6577,링다_플로레스타,3
6277,마_음,1
1089,마네퀸,5
5766,마농,2
6432,마더바이브,3
5498,마더팝콘,2
4950,마독스,4
6068,마드모아젤S,7
2435,마라_Mara,22
5007,마로,1
1375,마루,17
5403,마르멜로,12
5067,마르스,43
1331,마릐한팀,20
3975,마리,2
241,마리서사_Mary敍事,74
4892,마리슈,29
1613,마린,1
2103,마린딕시버거,9
5268,마마드라이브,1
1067,마마레이디,9
321,마법사들,13
6601,마스0094,1
3010,마쌀리나,1
3255,마쓰모토_코타,7
2418,마야_안,1
6741,마우스_온_더_키즈,1
5162,마운틴_쓰리,12
5104,마운틴즈,7
6581,마음,3
5284,마이_골든_에이지,3
5473,마이골든에이지,20
3177,마이노스,2
3791,마이마이,37
2974,마이맨마이크,13
3469,마이웨이킬링,4
151,마이큐_MY_Q,8
495,마이크로키드_MICROKID,22
136,마이티_코알라,5
760,마일스어웨이_milesaway,6
245,마지막_토스트,1
6390,마치열여덟,2
2399,마치킹스_The_March_Kings,18
3422,마카오신사,5
5654,마코토_오시로,2
613,마투스Matus,1
6698,마트로시카,5
7105,마티르,1
3402,마틱코스터,13
6160,마틴_스미스,5
6242,마틸린,9
3439,마푸키키,4
1091,마하트마,3
5790,마현권,2
6872,마현석Quartet,2
413,마호가니킹_Mahogany_king,8
5710,만다린,1
6191,만두,2
3635,만두_채플린,1
5606,만쥬_만쥬_한봉지,3
2922,만쥬한봉지,34
2767,만파식적,2
4145,말랑,10
1699,말랑밴드,1
4242,말러Maler,4
1694,말로,12
3009,말없는라디오,1
2602,말하기듣기,62
4424,맙스,1
514,망각화,33
6583,매거스,11
6293,매그넘69,2
6233,매드독스,11
661,매드프렛_Mad_Fret,2
6863,매스애비뉴,1
1913,매써드,3
5186,매의_방,2
1953,매치포인트,3
3268,맥스퀸,2
1055,맥시멈오버드라이브,3
4067,맨_Man,78
1816,맨내마기,3
5325,맨티코어,3
1290,머리박치기,1
388,머쉬룸즈_MUSHRU:MS,38
1013,머스타드,14
2031,머스탱_샐리_Mustang_Sally,71
1394,머스트비,35
1230,머튼찹스,1
5102,먹먹,2
4853,먼데이스튜디오,1
1503,먼데이키즈,1
3303,멀더,1
6975,멋진인생,3
2364,멍구밴드,2
5736,메디슨라디오,1
2949,메론맛사탕,6
1669,메리골드,1
5864,메리골드앙상블,1
2810,메리무스,3
4261,메브,6
3554,메스그램,11
410,메써드_Method,26
6347,메이너_사운드,1
4471,메이다밀러,1
3728,메이븐_스튜디오,1
2147,메이앤줄라이_May_and_July,11
5784,메이어스,2
7003,메이커스테이커스,1
1467,메이트Mate,1
1573,메이트리,2
2169,메이팝,7
154,메인_스트리트_Main_Street,5
3098,메카니컬_사슴벌레,3
4540,메타모포시스,3
5447,메티스,1
2205,멘내마기,3
4484,멜랑꼴리문레이쥬다다,3
6416,멜랑소년,1
6146,멜로망스,3
4151,멜로우독,3
4442,멜로우슬립,6
4737,멜로우위크,2
6941,멜로우키친,1
1790,멜론사탕,1
1674,멜보이,1
6302,멜튼,1
2054,멜팅팟,1
6808,명,1
4039,명령27호,4
4004,명서쿤,1
4031,명왕성_에버랜드,5
5840,명준호X박소미,1
7038,모_최,1
200,모가비,10
4372,모건,3
1761,모나미,1
4323,모넬로,4
7097,모노디즘,1
767,모노리드_MonoLead,1
2887,모노반,43
5675,모노아이즈,1
1119,모노코드,1
5310,모노패스,7
6498,모닝헤이즈,7
3967,모단락,1
4237,모던다락방,5
3088,모던브릿지,5
6078,모던사운드재즈빅밴드,1
6733,모던차일드,1
877,모든_Moden,2
1414,모리morrie,11
3507,모리쉬,9
347,모리슨호텔_Morrison_Hotel,61
4615,모리유니,2
7004,모멘츠유미,1
3895,모멘테일,8
5235,모모밴드,3
4284,모반,6
5970,모브닝,28
1162,모비딕,13
3569,모비딕,1
6632,모션,1
3074,모아브,3
6164,모야밴드,1
2373,모운,4
713,모운_Mown,18
6855,모이다밴드,2
1801,모임_별,11
1722,모즈다이브,39
3786,모코지,1
199,모티브,40
4476,모하,4
5056,모하,1
4089,모하니,1
5242,모한별,1
5855,모호,2
5130,모호프로젝트,3
4804,모히또,1
2003,목스녹스,4
3556,목요일,2
2132,목요일아침밴드,1
4796,몬구,13
3118,몬스터_팩토리,8
6608,몬스터스_다이브,3
6610,몰라,1
4684,몰로,2
989,몸과마음,10
5899,못,4
171,몽구스,14
192,몽니_monni,43
4264,몽랑,2
3209,몽상,15
1442,몽키비츠,52
1405,몽키쉐이크,2
916,몽키즈,44
3944,몽키피콰르텟,13
1582,몽환,1
2706,묘묘,29
4713,묘한,3
2092,묘한_나나,14
6064,무가염퀄텟,1
5934,무늬,1
3307,무드_슐라,1
489,무드살롱,83
1261,무드셀라,4
6575,무무나이트,1
6310,무브진,2
3279,무아,1
897,무중력소년,8
809,무지개99,14
1937,무지개상영관,11
6736,무지개오락실,1
535,무키무키만만수,19
3319,묵,6
4964,묵사발,1
3400,문moon,14
6110,문가자,1
6882,문경환_Trio,1
6166,문댄서즈,25
3366,문미영,14
3927,문미영요술악단,4
2943,문사출,7
116,문샤이너스_The_Moonshiners,19
6475,문스톰퍼스,1
2403,문웨일즈Moonwhales,48
5935,문익과지연,3
6276,문정후_뷰렛_문혜원,15
1606,문진오,3
439,문패트롤_Moon_Patrol,30
6931,문형배,2
3662,물든,1
3686,뭉크,15
3565,뭉클,3
1343,뮤갤,4
5078,뮤그리드,1
6332,뮤지음,1
2481,뮤지카누베,14
4781,뮤직세이,1
4057,뮤진MUZIN,2
6560,미-마이-모,2
2552,미나리랜드,6
227,미내리_Mineri,31
4715,미닛솔루션,1
5730,미드나잇블루,21
322,미드나잇스모킹드라이브,28
379,미드나잇스티치_Midnight_Stitch,8
554,미디안_MIDIAN,15
213,미레도시_MiReDoSi,7
5879,미리별밴드,1
734,미미랑_미남미녀,2
57,미미시스터즈,19
4642,미미키스,12
4706,미선_레나타,12
4857,미스이솝로마템,2
5179,미스터제페토,1
4790,미스테리하우스,58
984,미쓰매치,6
4032,미쓰밋밋,16
587,미씽_루씰,62
3701,미안한사람들,7
4760,미안해_북극곰,32
6133,미어캣,5
4945,미역수염,8
3715,미정임,7
3747,미정임,1
6687,미츠메,2
273,미카미_칸_三上寛_MIKAMI_KAN,1
67,미틈_MITM,27
2492,미확인소음물체,33
3160,민,3
3742,민간날씨연구소,2
3741,민경인,9
6316,민경훈_프로젝트,1
6403,민동훈,1
5380,민세정Trio,1
5198,민스톤x사막여우,1
4332,민승x영훈,1
5657,민승은n양상상,4
1681,민열,23
5635,민제,2
5617,민제,1
5865,민주,1
6213,민채,6
452,민트그레이_Mint_Gray,131
1466,민트그린MintGreen,7
6461,민트나라의_토끼들,1
6253,밀크보이,3
638,밀크티_Milk_Tea,11
6730,밍또,1
5882,밍지다다,8
374,바가지_바이펙스써틴_Bagagee_Viphex13,7
2776,바겐바이러스,9
6798,바나나몽키스패너,3
2955,바나나코,3
6779,바날로그,1
4773,바늘,2
416,바닐라시티_Vanila_CIty,30
1198,바닐라어쿠스틱,17
31,바닐라유니티_Vanilla_Unity,8
4749,바닥_프로젝트,2
1256,바드,25
743,바람에_오르다,1
3862,바람위로,5
2478,바람을_가르고,1
726,바람을_가르고,5
1742,바람종,79
3238,바람탄,1
409,바르당_오브세피안Vardan_Ovsepian,1
4358,바른생활,24
2361,바리케이트톨게이트,1
3197,바버렛츠,21
3534,바비인형,7
829,바세린_VASSLINE,28
2744,바스커션,15
2324,바스켓노트,22
786,바스코_Vasco,8
6994,바스타즈,3
5013,바스타즈Bastarz,1
3453,바울,1
544,바이_바이_배드맨_Bye_Bye_Badman,60
3624,바이널하우스,1
4414,바이닐에이,2
5644,바이독스,1
581,바이루피타_Byelupita,5
682,바이오필리아,1
4043,바이올렛트리,54
2219,바커스,2
6019,박갑윤,1
863,박갑윤_트리오,2
6145,박강수,1
6275,박건준마리서사,7
6947,박경호,1
3942,박경환,2
2072,박고원,4
5891,박광식,1
132,박근쌀롱_BGSalon,9
737,박기영,2
5343,박다영,1
912,박다함,6
3434,박동레코드,1
5883,박동원,1
628,박동화화이트데이,1
5311,박라온,2
6039,박미수_Trio,1
2775,박민,2
6850,박민국밴드,1
5971,박민성_배드로맨스,6
773,박상도,5
6001,박상아,1
6888,박상욱_and_Big_Hart,1
6218,박상욱_쿼텟,1
5978,박상훈,1
2356,박새별,2
6645,박서45,6
6474,박선영Quartet,3
4502,박성도,9
6650,박성욱_마리슈,1
4661,박성환_밴드,1
3754,박성효,1
5778,박세용_Trio,1
2944,박세환,2
478,박소유,21
1345,박소윤,4
3000,박수민,2
6082,박승준_Quintet,1
7042,박시현,1
6820,박시환,1
761,박아셀,5
6029,박연진,1
5436,박연희,2
5330,박영환,24
3564,박예서,3
2371,박완규,3
3666,박용성,1
6617,박원,1
6440,박유진퀸텟,1
4427,박윤미,2
6703,박윤식,2
6073,박윤우_Trio,3
286,박장미,1
7014,박정우,2
4689,박정환,2
4921,박정훈,1
6961,박제신,1
5599,박제신_Quartet,1
3738,박종권,2
4931,박종민,10
4896,박종서,3
5895,박종현,3
868,박주원,11
6591,박준면,1
6047,박준서_Quartet,1
4475,박준하,9
2417,박지민,1
5440,박지섭X김재익,1
6886,박지운Quartet,1
1592,박지혜,1
624,박지훈_Quartet,1
5579,박진솔,2
4776,박진영andRemi,1
6866,박창근,1
4276,박채련,1
5930,박채련Quartet,1
5407,박천희,2
2611,박치기씨,1
1805,박플라넷,1
4486,박하,4
6430,박하경_Quartet,1
3808,박하진,1
6788,박한,1
446,박현민,2
5551,박현선_퀸텟,3
5618,박형근_Quartet,1
304,박혜리,11
2645,박희수,1
6395,반규남,4
1127,반디,12
4574,반딧불,1
2989,반란,5
5753,반월,2
5356,반지하옥탑방,1
4809,반지하프로젝트,1
1945,반트_Vant,1
4698,반하,2
6622,반하나,1
2583,발렌시아코트,2
2157,발밑에구름,2
3607,밝을녘,1
5385,밤,2
6542,밤과_낮,2
5101,밤새,1
283,밤섬해적단,25
3168,밤손님,10
3793,밤신사,27
1139,밤에피는장미,5
1182,밤의피크닉,29
3089,방민혁,2
5058,방민혁,1
5525,방병조,2
1847,방승철,2
925,방울악단,21
2231,방준석,9
3593,방혁,5
4451,배기슈즈,15
3019,배대은,1
3398,배드로맨스,80
2807,배드블랙본즈,15
3359,배드큐피드,10
4703,배드트리거,4
2660,배드트립,25
3518,배샛별,4
2028,배선용,3
6750,배성광,1
2538,배영경,10
5991,배장은,2
5568,배장은_TRIO현진영,1
4922,배정식,1
5787,배틀즈,1
3844,배희관,12
6190,배희관_배희관_밴드,2
4751,배희관밴드,34
3524,백가영좋아서_하는_밴드,1
4263,백마,11
5387,백상현,1
2713,백새은,2
289,백수와_조씨,25
2172,백순진과_SOM밴드,1
5847,백승환,3
6903,백승환_with_서휘석,1
6760,백아연,1
4058,백야,13
1323,백자,28
5803,백주훈,1
3095,백지희,3
3032,백창준,1
270,백합유리잔,45
457,백현진,19
4530,백혜정,10
1053,백화난만조,31
6720,밴드_기프트_-_Band_Gift,5
4685,밴드_나로,1
2702,밴드_노모NOMO,2
6909,밴드_다섯,6
6638,밴드_덴_-_DEN,11
4961,밴드_디베르티,9
1966,밴드_령교,11
6721,밴드_마인드애틱_-_Band_Mind_Attic,6
1209,밴드_멧,27
6724,밴드_아들들_-_The_Sons.,4
4309,밴드_오브_블루_터틀랜드,29
6988,밴드_와이미,4
5323,밴드_주도,1
6225,밴드_증명_-_The_Proof,4
4972,밴드_판,6
3587,밴드_플레이,2
1513,밴드_후후,108
2382,밴드13월,8
4440,밴드24일,6
1233,밴드27,3
4328,밴드891,37
2811,밴드나인,8
1284,밴드루루루,52
5863,밴드미정,1
236,밴드민하_Band_Minha,31
2375,밴드어스,4
3272,밴드위드브라스,1
1517,밴드이씨이,87
5256,밴드죠,7
5463,밴드채니,1
5245,밴드트리오,1
1516,밴드하노,25
4479,밴드황정민,46
5751,밴드후크,1
3026,밴쉬,1
1644,밴이지,19
3522,밴이지,2
4638,뱅크럽츠,8
3425,버,1
1700,버닝몽키즈BurningMonkeys,138
4591,버닝소다,9
104,버닝헵번_Burning_hepburn,71
4133,버둥,9
719,버드_The_Bird,7
369,버벌진트_VerbalJint,13
1688,버스터리드,18
4609,버커,5
3077,버킷리스트,19
6032,버튼_브라이트,3
2724,벅버니스플랜,5
1228,번개소년,1
594,번아웃하우스_Burntout_House,27
2596,범화지구,4
3590,베니줄리,23
2802,베베라쿤_Be_Be_Raccoon,13
4986,베아,2
5741,베어엑스,3
1206,베이비나인_p380,1
5406,베이비로션,4
3854,베이비샤먼_부아진,1
5697,베인,9
917,베인스,62
5009,베인아토VeinAto,1
6857,베틀즈,1
739,벤딩머신_vending_machine,39
2749,벨브스테이트,1
6635,변정혁_세자전거,3
6028,변종인_Quartet,1
5843,변화무쌍,40
2909,별부기5,1
1567,별빛_센세이션,1
1019,병1신들,12
2950,보노,16
4054,보노,4
6589,보노보,2
860,보니_Bony,1
1042,보니파이,7
4817,보다,1
4895,보라보라,13
5357,보루미애,1
3065,보름달늑대,1
3039,보리,10
2448,보리구미,1
5712,보미,1
2106,보배,27
6787,보수동쿨러,3
4146,보엠,34
6105,보이드_메이_블루,2
5213,보이쉽_걸배이,1
2951,보이스and노이즈,1
3103,보이스인더키친,22
3678,보이어,1
5651,보이즈_인_더_키친,22
4325,보이즈언더키친,16
2768,보이쳐VOITURE,1
5394,보통입니다,1
6920,보허미안,2
5522,보헤미아,1
2822,복태와_한군,5
530,본뷔노_Von_Bueno,1
1488,본숩,1
6661,볼빨간사춘기,3
633,봄,1
4051,봄날의_곰,3
960,봄눈별,5
4643,봄로야,2
1113,봄봄,5
2794,봄사탕,20
5054,봉미선,6
3411,봉우리,6
5561,봉우리,1
6678,봉쥬르_유발이,1
5337,부강현_Quartet,1
3041,부길로,1
309,부나비,11
837,부부밴드,1
2108,부산아.들,8
1662,부즈업Booze-Up,20
144,부추라마,3
1930,부활,5
6908,분홍7,3
3064,불나방스타쏘세지클럽,13
3301,불독맨션,6
2111,불량통신,1
3053,불릿_7,6
1392,불싸조,6
3713,불타는_버스,71
3761,불타는_버스,2
4446,불핀치,12
363,붉은나비합창단,14
779,뷰렛_Biuret,21
5192,뷰리풀_원스,1
4851,뷰티풀_디스코,1
1132,뷰티풀데이즈,1
4432,뷰티핸섬,36
6063,뷰티핸섬,1
3448,브라더앤시스터,1
6768,브라우니유진,1
4725,브라운웨일,3
6853,브라운톤,1
4610,브라운팟,4
96,브로콜리_너마저_broccoliyoutoo,25
187,브로큰_발렌타인_Broken_Valentine,71
6140,브록스,4
3036,브리드인,7
501,브리즈,32
3964,브릭스,4
4235,브이,1
5120,브이비아이디,6
4929,블라인드데이트,3
4955,블라인드데이트and로로,1
1811,블락스The_Blocs,64
4652,블랑코,6
1458,블랙_메디슨,13
1564,블랙독,38
1060,블랙러시안,29
3430,블랙마켓,1
228,블랙백_Black_Bag,61
2919,블랙스완,9
5574,블랙스완,5
5575,블랙스완,1
4269,블랙스팟,2
222,블랙신드롬_Black_Syndrome,22
5894,블랙아이스티,2
5011,블랙코인Black_Coin,2
7009,블랙텅스,3
1794,블랙튠즈,2
4063,블랙티넘,1
3727,블랙페퍼스,8
218,블랙홀_Black_hole,13
5450,블러드베리,16
3178,블런트,3
4236,블로우,1
5550,블로우바이블루,1
5911,블루_잼_밴드,2
6202,블루_잼_밴드,1
559,블루니어마더_Blue_Near_Mother,21
6524,블루다이아,3
6377,블루다이아몬드,2
588,블루라라,1
3295,블루라벨,37
728,블루머핀_Blue_Muffin,1
6970,블루멘_클랑_쿼텟,1
3305,블루무드,4
7052,블루벨벳,1
4258,블루스네이크,11
2030,블루스완,5
1610,블루스챔버,7
6157,블루스하우스_밴드,1
5475,블루아일리즈,8
3392,블루앤블루,3
4919,블루오브,10
3763,블루지로맨스,1
4212,블루진,1
6609,블루터틀랜드,18
4567,블루톤,1
622,블루파프리카,74
6126,블리스데이,2
3205,블리츠,2
6312,비거절크,3
6012,비꽃Rain_Flower,1
5860,비나인,12
4462,비노,7
4670,비닐하우스,4
285,비둘기우유_vidulgiooyoo,55
3211,비밀,1
1138,비밀리에,18
2479,비밀주점,5
2384,비바시티,19
4419,비바식스,1
6952,비밴드,2
1222,비버나인,3
4335,비비드_슬로우,3
3843,비비스럽,19
654,비비퍽스_BBPucks,1
6125,비상9,1
1333,비상통화장치,1
36,비셔스_글래어_Vicious_Glare,17
111,비스윗_BESWEET,6
4278,비스켓,3
3690,비안트리오,6
4850,비앙,1
3692,비앤비,5
3696,비앤비,1
4214,비앤에이,1
1834,비어랜하임,1
6504,비엔더블유,1
3605,비이공팔,1
5583,비정상_민이형,1
6846,비주얼스,1
5329,비지,2
5623,비타,2
3094,비트닉스_Beatniks,98
5088,비트버거,1
5456,비트버드,1
4412,비트윈_더_월스,1
2526,비트컬쳐,4
485,비틀쥬스_Beetlejuice,14
442,비틈_Beateum,1
4222,비파,1
1270,비프리,2
3623,빅_쉬프트,6
511,빅베이비드라이버,48
3475,빅베이비드라이버트리오,9
1151,빅터뷰,12
2790,빅토_Big_Toe,26
536,빅포니_Big_Phony,27
3144,빈노트,1
3401,빈센트and로즈,7
5062,빌리어코스티,13
694,빌리카터_Billy_Carter,82
838,빔아이즈빔_Beam_Eyes_Beam,5
574,빗물사운드,6
1283,빛과소음,39
5155,빛나다,1
1202,빛소리,1
5960,빠따고니아_우편기,7
705,빡세_Paxe,1
2857,빨간머리띠,2
1381,빨간머리앤,4
429,빨간의자,20
3059,빵,5
4369,빼냐_플라멩코_엘_오리엔떼,2
2537,뻐지,16
3804,뿌리자,1
4903,삐삐밴드,2
5788,삐에르_파,5
6541,사계절낭만충전소,1
4443,사공섬,1
4313,사과를_삼킨_곰,4
1870,사나운복숭아,5
5933,사동요X신향리,1
3079,사라수,44
5223,사라진밤,4
4127,사라플라이,37
2185,사람_또_사람,43
3159,사람12사람,13
5038,사람이름,1
3491,사랑과평화,3
5247,사마귀,1
337,사막돌고래,5
2073,사만다갱,6
6771,사뮈,2
10,사비나_앤_드론즈,24
1677,사우스_카니발,15
4492,사우스나인,5
7101,사우스클럽_남태현,1
3574,사우스파드레,5
4135,사우스포,16
738,사운드_폴리스_Soundpolis,1
3632,사운드1307,1
6694,사운드마켓,1
6370,사운드박스,3
2626,사운드샤워,16
3188,사운드테라피,2
175,사운드힐즈_Sound_Hills,8
298,사이,29
3543,사이드카,13
2302,사이보그,26
1021,사일런트_아이,4
552,사일런트_아이_Silent_Eye,19
1612,사토_유키에,19
2034,사토마사토,1
1262,사형집행단,4
1477,사혼,4
3968,산드라_배,3
6257,산이,1
2686,산호가피네,7
1225,살랑,5
5490,살로만,2
5647,살롱_드_오수경,3
2701,살림꾼,1
4287,삵,14
479,삼군,41
242,삼만,1
2458,삼바맘바,1
1344,삼월의토끼,1
6696,삼인용,1
2973,삼치와_이기리,19
2363,삼풍,5
3288,상록수림,1
5731,상아,1
6296,상이한,2
6048,상지훈_Quintet,1
6819,상탈밴드,1
82,새_Sae,10
2441,새난쓰리,2
5315,새드헬레나,4
1293,새드호스,1
5144,새벽,9
7095,새벽두시,1
6345,새벽밤,1
5075,새벽한시,1
3995,새벽화,8
6089,새삼밴드,1
6343,새소년,17
3841,새와꽃,1
358,새의전부,1
3848,새카만고양이_김봉기,1
3280,새틀라이츠,8
2326,샌드페블즈,2
6518,샐리박,1
3117,샘_아미돈,1
6519,샘김,1
1716,샘브라더스,1
4855,샘옥,1
1704,샛별,3
1854,생각의여름,2
2130,샤먼다갱,1
3164,샤바즈_팰러시스,3
2720,샤이,1
4192,샤이_네이처,2
6155,샤이닝콕스,4
6786,샤카밴드,1
6688,샴고양이들,2
6553,서광민,1
380,서교그룹사운드,22
5021,서군_X_Krow,1
5519,서니_데이_서비스,2
7076,서동,1
3680,서동요,5
5248,서동욱,2
669,서랍속_협주단,7
5925,서린밤,2
4001,서머네버컴스,3
4700,서문탁,1
6391,서민식,1
3777,서바울,2
408,서바이브_Survive,2
5633,서사무엘,6
5927,서수진,3
5312,서수진_Band,3
817,서승택임광희,1
5841,서연,1
1848,서영도,12
6280,서영도_일렉트릭_앙상블,3
6291,서영호,1
2372,서예린,18
6728,서울_소울_프로젝트,2
6101,서울_스트리트,1
6353,서울APT,5
3545,서울다이어트클럽,1
3939,서울리딤슈퍼클럽,2
1459,서울메탈,1
6412,서울문,2
1047,서울블루즈,54
7058,서울상경음악단,2
6757,서울서울서울,2
4348,서울아저씨,11
6815,서울연서,2
547,서울전자음악단,23
4125,서울촌놈,24
7035,서울형제,1
4101,서원기,1
6368,서은경,1
4340,서인혜,1
6657,서자영,3
5307,서정敍情,1
2095,서정민,1
1902,서지,1
438,서지석,9
6523,서창민,2
1998,서커스_두퐁,1
4357,서한범,3
3559,서형무,1
7046,서희,1
6892,석규,1
1273,석두,1
4897,석식,1
4906,석영,2
307,석준,1
7077,석형,1
1799,선결,9
6127,선겸,66
3796,선다운쉽,28
215,선댄스키드_Sundance_KID,6
3652,선데이서울,2
6433,선미킴,2
3704,선비,20
972,선우정아,22
4466,선인장,2
2296,선전포고,1
4416,선혜,3
5159,설사,2
3526,섬딩_피어즈,1
2755,섬섬옥수,7
5430,성기문_올겐_트리오,2
5673,성기문TRIO,2
2142,성기완,3
3604,성낙원,11
3934,성낙원밴드,3
6936,성인창,1
5973,성진영,11
6355,성해빈,5
4726,성현주,1
4509,성훈,1
1321,세남자,3
4947,세라랑비키랑,1
6261,세라리,1
4741,세러데이모닝클럽밴드,1
2084,세레나세븐틴SERENA17,11
4635,세로토닌,4
4408,세미누드,2
5087,세버디이어,7
4810,세븐드레드,2
1059,세상아이,6
5236,세이비어스,9
3542,세이수미,38
5199,세이쥬어,2
2895,세인_Seine,57
2824,세인트폴_발레단,1
2947,세임올드스토리,3
5499,세자전거,19
272,세정,15
855,세컨세션_Second_Session,14
4699,세컨스텝,7
4118,세테_스타_셉트,7
3154,세희,2
1819,세희앤죤,1
3899,섹스티프,7
5893,센치한_버스,2
3200,셀로판리버,1
329,셀린셀리셀린느_SellinSellySelline,44
5207,셀피시_마리오네트,2
2459,셋잇,5
6957,셔츠보이프랭크,6
3583,션,1
6163,소각소각,2
148,소규모아카시아밴드,28
5516,소나무처럼엘비스,1
3085,소녀를_사랑한_나무,4
3665,소년핑크,1
4791,소노,1
6812,소노뷰,1
39,소닉_데쓰_몽키_Sonic_Death_Monkey,2
75,소란_SORAN,75
6452,소련이와_언니들,1
5154,소르담,1
1616,소리걸프로젝트,1
2133,소리내,17
3043,소리박물관,60
1469,소리소문,1
5309,소리조각가,6
4345,소린,1
2327,소마,1
6263,소보,3
6321,소봄소봄,2
1314,소설,26
1919,소소,15
2859,소소한_프로젝트,3
2789,소심한오빠들,37
3477,소왓,2
3553,소울_에스프레소,1
4757,소울_파이어,1
3861,소울다이브,1
1229,소울라이츠,9
2892,소울로지Soulloge,15
4934,소울리프,1
423,소울맨,9
627,소울서밋_Soul_Summit,7
174,소울스테디락커스_SOUL_STEADY_ROCKERS,1
3993,소울크레프,1
2710,소울트레인_Soul_Train,54
903,소울파크,9
1728,소음밴드,49
5124,소조정에,1
2079,소중,3
3183,소프티웨이브,2
4806,소행성186,1
348,소히,14
571,속눈썹,6
4037,손민우,19
1605,손병휘,9
1444,손성제,2
2641,손손,14
4782,손수정밴드,1
3450,손오브비츠,3
3446,손재원,2
5303,손준호,3
5760,손준호와_조화,7
1504,손지연,14
3807,손진혁,21
5554,손휘준,1
1319,솔가,8
6512,솔드아웃,4
2344,솔루션스,47
4525,솔리스츠,1
5992,솔비,1
334,솔솔부는_봄바람,23
3080,솔튼페이퍼,18
431,송_오브_루나_Song_of_Luna,5
6832,송가을_고요한가을,2
3234,송나미앤리스폰스,16
6514,송다온,1
5783,송다홍,1
6007,송미호,4
5669,송봄,1
5870,송석철,3
6587,송성은,1
2884,송스말,3
780,송용진_밴드,5
666,송용창,13
4994,송우,1
6250,송우진,1
6366,송우진x서예찬,1
315,송은석,11
2144,송은지,4
6408,송인섭,1
6167,송인섭trio,2
1706,송재홍,1
5020,송좌,2
395,송준서_Funk_Group,2
5796,송준서_그룹,3
6547,송준서Trio,2
5898,송준영,5
1239,송준용,1
3257,송지연,1
6943,송지훈,2
6525,송지훈민트그레이,8
201,송진섭밴드,4
6722,송형준_플랫핏,2
6918,송홍섭_Ensemble,1
164,숄더앤니_shoulder_and_Knee,8
4777,수경,1
5952,수다밴드,1
1268,수다쟁이,1
747,수리_Soolee,2
305,수리수리_마하수리_Surisuri_Mahasuri,13
233,수미아라_앤_뽄스뚜베르,3
5670,수분캠프,4
6585,수빈and지우and지원,1
170,수상한_커튼,17
6558,수상한_코끼리,1
2033,수와코이치로,1
937,수정선,7
6444,수지와_아이들,1
4733,수진,1
2442,수퍼브라스,1
5723,수퍼이고,1
3196,수평선,12
1973,순수_and_the_innocents,1
177,순이네_담벼락,4
122,술탄_오브_더_디스코_Sultan_of_the_disco,22
3488,숨su:m,2
4166,숨쉬,2
4861,숨은미로,3
2886,숨의숲,5
2742,숫,3
1710,쉐이드_오브_더_영,1
4516,쉬나니건스,16
4537,슈가도넛,20
6868,슈가박스,1
2605,슈가볼,19
3355,슈가석율,4
3736,슈가콤아겐,14
1639,슈가필,1
6379,슈가헤잇,1
3318,슈트,2
180,슈퍼8비트_Super_8_Bit,5
4123,슈퍼내추럴,3
3774,슈퍼베짱이,4
1486,슈퍼스톤히어로,2
166,슈퍼키드_Superkidd,59
2954,슈퍼플라이,2
2330,슈필플라츠,5
520,슌_SHOON,11
2761,스기모토_레이디랜드sugimoto_ladyland,7
3877,스내치,1
6371,스노우아울,1
1524,스누저,33
4128,스누즈,4
1896,스마일리,2
1219,스마일와이,1
2146,스며든,30
6222,스며들다,1
1735,스모킹_배럴스Smoking_Barrels,16
3414,스모킹구스,11
383,스몰오_Small_O,14
4420,스몰타운,29
1362,스몰토크,9
5374,스무살,6
5049,스물하나둘,1
7106,스완이터,1
1599,스웨덴_세탁소,31
3857,스웨이,1
3617,스웨이,1
167,스웬_SWEN,3
5818,스위머스,6
1018,스위밍_돌,14
1161,스위밍피쉬,3
4148,스위트,1
433,스위트온,1
4552,스위트피,2
105,스윈들러즈_Swindlers,28
3472,스윗게릴라즈,3
2127,스윗리벤지,15
3313,스윗소로우,3
1036,스윗스팟,2
4816,스윙스,1
6389,스윙제리,9
564,스윙즈_Swingz,139
558,스윙체어_SwingChair,6
1675,스윙칩스Swing_chips,4
6922,스즈키_츠네키치,2
103,스카썩스_SKASUCKS,35
1676,스카웨이커스SKAWAKERs,33
4550,스카포앙상블,1
344,스카피쉬_Scarfish,7
407,스칼드Skald,7
6628,스칼렛모조핀,3
194,스캐빈저포크,1
4927,스컬앤하하,1
1460,스컴레이드,32
4901,스켈터,3
1541,스쿼시바인즈,28
1129,스퀘어더써클,53
6825,스키니죠_-_Skinnyjoe,3
1650,스키조,1
6544,스킵_스킵_벤벤,2
2864,스타러브피쉬,1
1603,스타리아이드,2
3709,스타익스플로전시그널,5
5531,스타치스,2
3334,스타트라인,43
4439,스타피쉬,4
6715,스탠더_-_Stander,6
2053,스탠딩에그Standing_Egg,15
5689,스턱,3
4880,스턴그레네이드,1
1461,스테레오_베이,11
5474,스테레오타입,16
473,스테이_얼라이브_Stay_Alive,1
4239,스테이세븐,1
6870,스테인펄스,7
4551,스테픽,3
813,스토리_셀러_Story_Seller,19
109,스톤드_Stoned,38
935,스톤프로젝트,10
353,스트라이커스_The_Strikers,58
3533,스트레인져스,1
1645,스트레인지_메이저,9
6875,스트로우,1
4022,스트리트건즈,9
3948,스트릿_건즈,20
4308,스트릿건즈,44
5905,스티커,1
1696,스틸레이닝Still_Raining,2
6260,스틸크로우,1
2022,스팀보이즈_Steam_boys,26
6476,스팀펑크,5
6571,스팀펑크,1
107,스파이키_브랫츠_Spiky_Brats,3
6893,스팟_더_파인드,1
811,스팟라이트_SPOTLIGHT,42
5667,스펌스,13
927,스페이스파파,186
3162,스프링빈,3
3314,스프링콜드,25
727,스픽아웃_SpeakOut,20
127,슬라이드_로사sliderosa,31
4907,슬렉,1
6782,슬로디,2
2606,슬로우_쥰,5
567,슬로우베이비_SlowBaby,50
3729,슬리핑백,1
4939,슬릭,2
4221,승희,2
3580,시게토,4
1491,시계태엽오렌지,4
2394,시그널,1
4566,시그위그_컴비네이션,1
4066,시나,47
7093,시나_쓰는_앨리스,1
2047,시나몬블루,1
129,시나브로_sinabro,11
4078,시나앤나나사이,26
5002,시나와_독신남들,1
2473,시나위,5
3291,시드_사운드,5
3834,시바타_사토코,6
1471,시베리안허스키,32
3811,시애나,1
5422,시애드,4
6594,시야,1
2498,시에스타,1
5391,시연시,1
3412,시오엔,2
6252,시온,1
328,시와,51
147,시와_무지개,1
1555,시와바람,3
1115,시원한_형,2
6184,시의_연못,1
3683,시져,41
953,시조새,21
2725,시즐,5
4539,시카로요,1
765,시크_Chic,2
5695,시크릿아시안맨,7
4303,시티엠,7
2866,시티인더스트_City_in_Dust,26
3015,식스,6
557,신가람밴드,21
5526,신관웅,1
6492,신기남,1
2731,신길역로망스,109
892,신나는_섬,18
4481,신다정,2
5400,신대철,1
6031,신동식,2
3923,신동진,3
3924,신동하,3
6362,신드럼과_김기타,3
4718,신디케이트,1
5502,신명섭_Sextet,1
5339,신명섭QUINTET,4
3394,신민철,8
4676,신사동,1
2916,신상우,6
6059,신상희,4
6445,신선한_밤,1
3416,신설희,9
5636,신세하,4
5279,신세하,9
6106,신스네이크,2
4173,신스타인,10
1866,신승은,40
5562,신승은,1
5619,신아람_트리오,7
5340,신연아,5
1730,신영재밴드,1
3740,신왕근,3
1918,신원일,1
6109,신원호,2
2438,신윤필,1
390,신이치_오사와_Shinichi_Osawa,1
2388,신재영,5
3278,신재혁,1
4137,신정우,4
876,신지호,1
5050,신진원,1
1106,신천옹,2
2934,신촌_타이거즈,2
3511,신촌블루스,3
3695,신포동블루스,5
6915,신해경,3
5799,신해남과_환자들,1
5100,신해수,1
5005,신현재,1
2586,신현희와_김루트,101
4405,실리그린,1
4158,실리카겔,31
6497,실버라이닝,1
5480,실비아스타,1
5369,심성보_Quartet,5
6640,심성보Band,4
6114,심성보TRIO,2
2756,심소정,9
5888,심심한_오후,10
1251,심전무밴드,8
3717,심플노트,4
4984,심플레이,1
4606,심플터치,2
771,심홍,2
2584,십키로10kg,1
3259,싱어송라이터_민열,3
5541,싱잉앤츠,1
4229,싸이보그,1
6478,싸이콜로지스트,1
1566,싸이키델릭선,1
994,싸이킥스,9
2145,싸지타,2
5173,쌈바콰이어_알레그리아,2
4187,쌈바합창단,4
6339,써니,2
1634,써니제이,1
6069,써니킴,2
2820,써드스톤_third_stone,12
3691,써드체어,13
3227,써머네버컴즈,12
6993,써칭포소울드러머,1
6352,써칭포소울드러머,6
4050,써푼라이즈,1
4962,썩소,6
5060,썩소,2
1667,썩스터프Suckstuff,11
3030,썬다운쉽,15
4064,썬로우,4
84,썬스트록_Sunstroke,25
487,썸머_히어_키즈_SUMMER_HERE_KIDS,7
3999,썸머네버컴스,7
1403,썸원,7
6435,쏘_영,1
4019,쏘베리굿,1
983,쏜애플,51
3385,쏠라티,11
5055,쏠라티모드,1
2114,쏠차,2
1357,쏭,1
3304,쓰눕,1
6939,쓰다,4
2929,쓰레기스트,6
4297,쓰리볼트_3volt,11
4160,쓰리스트,3
2495,쓰리썸머,3
1640,쓰리아웃,1
4599,씨_없는_수박_김대중,9
3769,씨몬스터,1
4974,씨소울,3
6239,씨씨,1
1330,씨없는수박_김대중,66
900,씨에스타,3
2829,씨즐cizzle,35
1064,씨티엠,2
2110,씨팔콘,2
5812,씽씽,5
6087,아가리,1
3694,아가싱즈,2
1892,아나킨프로젝트,12
1015,아날로그_숲,1
3444,아날로그다이어리,24
1267,아날로그소년,3
1632,아날로그프릭,2
1995,아는사이,1
2218,아담설리반,9
6935,아디오스_오디오,9
3014,아뜰리에,3
6308,아띠밴드,2
5594,아라크리티,1
2087,아로새긴,2
3963,아루앤폴_플레이,1
1384,아를,38
6148,아륾다운밤,12
2948,아름이,5
2541,아리밴드,12
333,아마도_우린,2
733,아마도_이자람_밴드,11
1980,아마존_프리마켓,1
524,아마츄어증폭기,6
942,아마츄어증폭기를위한아마츄어증폭기,16
3530,아메리카노밴드,1
521,아멜리레코드_AMELIE_RECORD,5
3974,아모르파티,3
2753,아모르파티,9
4784,아몬드,4
3180,아몬드블라썸,8
5544,아무사이,9
1726,아미A-mi,2
3432,아발란채,2
3626,아보,7
3208,아비,1
3346,아슈토시,1
6210,아스타주,1
5769,아스타주,2
375,아스트로_보이즈_Astro_Voize,2
2126,아스트로_유니버스Astro_Universe,29
6144,아스트로게이트,2
5449,아스트로넛츠,7
6894,아스트로노이즈,1
6381,아슬,2
377,아시안체어샷_Asian_Chairshot,143
6545,아오바_이치코,2
3433,아우라지,1
3449,아웃로우,1
6603,아웃오브캠퍼스,2
3389,아워글래스,10
3570,아이디얼리스틱,5
310,아이러닉_휴_ironic_HUE,59
2387,아이레_플라멩꼬,1
4573,아이스몬트,4
4161,아이스크림_트레인,2
4575,아이스크림트래인,1
216,아이씨사이다_Icycider,63
2935,아이언_바드,4
5564,아이엠낫,10
3528,아이엠로봇앤프라우드,4
1258,아이올리아,3
2877,아이유,6
6565,아이즘,1
1895,아일_Isle,7
6673,아일랜드보이즈,2
2718,아임파인땡큐,10
5988,아작,4
4008,아즈버스,54
2783,아지토,13
5305,아지트,2
4845,아진,1
4976,아치에너미,1
191,아침_Achime,22
961,아카시아,2
5752,아카식_에고,3
4613,아카에,2
5559,아쿠아,24
5455,아크,4
4172,아크미시티,11
1190,아키버드,4
3871,아토,1
5151,아토믹쥬스,7
2104,아톰리턴즈,8
2795,아톰머신_Atom_Machine,2
5176,아트모,3
466,아트오브파티스_Art_of_Parties,16
3764,아트프리처,1
284,아폴로18_Apollo18,34
668,아프로디노_Afro-Dino,4
3894,아프로마리아,23
822,아프로징가_Afro_Ginga,1
6709,아프론,1
2570,아프리카,8
999,아한,9
336,아홉번째,46
260,악어들,29
4864,악토버고즈,2
11,악퉁,69
5025,악한,1
6800,안개꽃,2
6337,안건식,2
7048,안경밴드,1
1520,안녕,4
465,안녕바다,93
6599,안녕의_온도,2
3577,안녕하신가영,15
4799,안느!,1
4257,안다빈,2
5963,안다영,9
4384,안다은,1
6858,안달x드레인,1
2091,안드로메다999,1
1707,안소담,1
5261,안수경Quartet,1
6179,안수은,1
3753,안시온,2
4748,안아,12
6006,안양선,2
6803,안예은,1
3651,안온,28
1329,안은정,4
6899,안재진_트리오,2
4553,안준영,5
2816,안준혁,5
6450,안준혁_x_김성빈,1
6483,안지원,3
3969,안철수,4
612,안티코스모스_Anticosmos,2
2105,안홍근,36
3815,알.에스.프레소,3
5174,알라미사칸,1
4014,알레그로,1
4465,알레그릭마스,1
4646,알레르기_대행진,1
5319,알레한드로,1
2357,알리,2
4882,알바트로스,1
3516,알에스_프레소,2
3155,알파즈,33
4143,알프레드_비치_샌달,4
2903,알프스アルプス,2
3965,압구정그런지,6
4354,앙팡밴드,3
5794,애니_폴센,1
3056,애니멀_앤썸_Animal_Anthem,8
6226,애드투-add2,3
6847,애딕토,3
5610,애리,38
1855,애버랜스,1
2379,애벌레가나비,1
5185,애세이,1
6057,애쉬,1
280,애쉬그레이_AshGray,10
6348,애시드콕,1
1800,애프터눈afternoon,3
3336,애플민트,1
1769,애플윙Apple_wing,4
2543,액티버스,20
6228,앤드원,6
5152,앤써,16
4318,앤지,1
1534,앨리,4
6026,앨리스,1
604,앨리스_누드_파일_Alice_Nude_File,6
885,앨리스스마일,1
1071,앨리스피어스,1
1702,앨리어싱,1
3788,앨빈토플러,1
3781,앱솔루트,5
2893,앵그리_만다린,1
3809,앵드아,3
5138,앵무새,4
324,앵클어택_Ankle_Attack,27
1157,야광별,1
9,야광토끼,4
6342,야누스_Vocal_Jam_Family,2
92,야마가타_트윅스터_YamagataTweakster,84
646,야야_YaYa,14
7071,야옐,1
6837,야유_-_Yayoo_GUYZ,1
5690,얀키,1
114,얄개들,31
5949,양갱이,1
6404,양동찬배희관밴드,2
1160,양만춘밴드,1
4572,양민,1
5801,양반,3
583,양빛나라,3
6755,양산박브루스,1
3957,양상상,3
1993,양양,7
6552,양윤일,2
6681,양은정,1
5701,양이와_흥이,1
4485,양재혁,1
6457,양주영,7
1061,양창근,17
5275,양치기,1
6194,양혜진,1
3929,얘스얘스,2
6393,어감,1
4833,어거스틱홀릭,1
3646,어그로_크리쳐스,3
799,어글리_덕_Ugly_Duck,2
4826,어나더사이드,7
5338,어나더시즌,11
6178,어나더플래닛,1
5781,어나더힙스,3
5206,어노그미,1
3051,어느새,22
5216,어디,6
5041,어라운드_제로,8
4515,어메이징비쥬얼밴드,6
5969,어바웃제인,11
3784,어반네일,1
920,어반데이지,2
3981,어반스페이스,1
184,어반자카파_Urban_Zakapa,9
4957,어반트리,11
639,어보이드_Avoid,35
6566,어보이드_버스,2
2853,어부,2
5806,어비,1
3782,어센틱사운드,1
3591,어소연,1
6036,어스,2
2589,어스us,38
1069,어어부프로젝트,1
2858,어울림,2
5622,어이,33
6088,어이쿠스틱,1
5862,어진별,1
6500,어쿠너스,6
7053,어쿠솔쟈,2
5768,어쿠스윗,6
6182,어쿠스티,3
2580,어쿠스틱_멜로우,1
3600,어쿠스틱_월드,2
5887,어쿠스틱_팝and재즈_프로젝트,1
404,어쿠스틱라운지_Acoustic_Lounge,1
3201,어쿠스틱머신,1
159,어쿠스틱수,3
450,어쿠스틱코어_Acoustic_Core,3
2863,어쿠스틱콜라보,12
2156,어쿠트립Acoutrip,1
5609,어크로스_더_유니버스,2
3629,어택_디케이,2
5948,어텀프로젝트,4
3596,어텐션24,72
4244,어텐션시커Attention_Seeker,3
3225,어트라이얼로그,16
2721,어퍼스트럭처,6
3424,언노운_모탈_오케스트라,2
376,언니네_이발관,9
4697,언니동생,19
2848,언니들,5
3431,언더독_사운드,1
4033,언뜻,1
3243,언블루_트리오,1
212,언사이드_Unside,18
5683,언씽커블,1
1084,언체인드,44
1073,언플러그드보이,2
5904,언해피_서킷,1
6418,얼굴과_종성이들,1
2648,얼룩,14
6653,얼리_문,2
4330,얼모스트페이머스,1
1010,얼스,18
3928,얼스바운드,31
3735,얼쑤_in_the_EARTH,4
2972,얼지니티,27
5672,엄기응,9
6201,엄기응_퀸텟,1
5717,엄마_쟤_흙먹어,1
2831,엄브렐라_스탠드,2
2189,엄인호,2
5220,엄태윤,8
2610,업댓브라운,7
5106,업스케일,4
663,업이네_합주실_밴드,2
2792,엉망,44
2513,엉클밥,2
2463,엉클스,2
2804,에고펑션에러EgoFunctionError,74
4449,에그베네딕트,1
4392,에디스아틱,10
6437,에디전_뷰티핸섬,9
1452,에디젼,4
5835,에디킴,2
3620,에딕트,3
3478,에로디,4
2933,에리얼,3
5834,에릭남,1
1671,에린,4
4793,에머슨_키타무라,1
695,에몬,25
592,에바53_Eva53,8
3547,에반스_빅밴드,1
768,에브리싱글데이_Every_Single_Day,24
1440,에센스_The_Essence,61
1005,에쉐밸리댄서,4
5548,에스꼴라_알레그리아_바투카다,1
4431,에스오디,1
3481,에스카르곳_마일즈,2
2941,에스테반,9
3066,에시드맨,1
5680,에어리_텍스타일,2
2717,에어빌로우,15
2923,에이,2
4527,에이든,1
5857,에이몽,1
4381,에이브,1
3933,에이브이,18
3613,에이에프에이,7
1371,에이템포,19
239,에이트립_a-tlib,1
4487,에이퍼즈,27
5064,에이프릴세컨드,27
2076,에이프릴조크,2
659,에일리어싱_Aliasing,1
6230,에잇오클락,1
907,에테르,4
3407,에프터클랑,1
1065,에피아,1
1568,에피톤프로젝트,6
4692,에픽_피아노,1
4413,엑스오엑스,9
2520,엑스타시,2
1433,엑스트라갈릭소스,5
503,엑시즈_AXIZ,54
4686,엑시트,4
2639,엑티버스,5
2745,엑티비티Activity,46
3381,엔그램,5
1253,엔돌핀,1
4271,엔씨박,1
6118,엔틸드,1
6600,엔플라잉,1
5376,엘라드론,2
894,엘루이즈,7
4814,엘리자베스_타운,31
1890,엘사이브나,1
4044,엘아이디에스,1
6692,엘에이브릿지,3
5792,엘자_코프,7
1322,엘카스타El_Casta,22
978,엘파트론,10
5379,엘피_LP,1
4194,엠마밴드,2
4080,엠타이슨,2
1242,엠투엠,1
4105,엠티체어,2
6505,여권영,1
5478,여니은종,1
1637,여러훌륭한분들,2
271,여름에,22
6508,여름초록,1
3831,여섯개의_달,14
5758,여운,1
1125,여울,1
4108,여울비,19
6626,여유,5
6902,여유와_설빈,2
314,여이람,1
3876,여자둘피리피그,2
4750,여자들피리피그,1
2082,여자밴드,12
4365,여행밴드,1
3873,여행하는_사람들,1
3236,연고전,1
6180,연관형,1
716,연남동_덤앤더머,50
4514,연두비,1
2044,연애가능성0프로,6
2320,연영석,5
4543,연주천국,2
5916,연희동배짱이,1
6986,연희별곡,1
4639,열세번째_밤,4
1732,열시에뜨는별,1
6535,열에아홉,1
4641,열한시_반,6
7049,영국기후,1
531,영몬드_Yongmond,1
1033,영부인밴드,5
1806,영신호,49
6912,영언과남군,1
6643,영연x업형,1
1173,옆집남자,9
4647,예나,2
217,예리밴드_Yery_Band,38
6415,예민보스,1
3682,예술빙자사기단,66
4696,예스예스,5
3930,예스예스,15
3864,예슬and수현,1
5981,예찬밴드,1
1287,옐로로코,25
42,옐로우_몬스터즈_Yellow_Monsters,103
3517,옐로우스트링보이즈,1
1643,옐로우시티,11
1020,옐로우칩,58
5495,오_마이_캡틴,1
549,오!브라더스,9
3086,오곤,18
6008,오늘,2
339,오늘내일,9
6150,오늘도_무사히,1
5533,오늘의_추천곡,5
5006,오늘의라디오,20
2508,오니시유카리,1
527,오대리,16
6809,오대현,1
4651,오도함,1
3002,오드라커널리,7
3525,오드아이,1
6742,오드트리,2
2288,오디너리피플,1
3568,오디사운드,1
6259,오디오블라썸,2
411,오딘_Oathean,17
2038,오락,1
1952,오락부장,4
4789,오랜친구,2
4202,오레오스틱,2
565,오렌지플레인_Orange_Plane,14
2390,오로라스팅,41
729,오롯이_어울리지,1
1432,오롯이어울리지,2
4734,오르막,3
3597,오르부아_미쉘,7
3148,오리엔탈_미쓰리,5
3893,오리엔탈_서커스,3
4144,오리엔탈_쇼커스,18
5465,오리와_너구리,1
3347,오마르,10
2591,오마쥬,7
6320,오미영,1
6149,오민영,5
560,오버헤드_Over_Head,31
4842,오부쯔단노_스미노,3
6980,오빠딸,1
5872,오상아,1
126,오상아_밴드,1
6685,오성택그룹,1
2677,오션,7
292,오소영,10
1286,오스티나토,1
6136,오승현X고재균,1
5779,오영준_Project,1
5940,오영준_Quintet,1
5265,오영준Quartet,25
5726,오영준TRIO,4
2798,오오루타이치_oorutaichi,1
5042,오오오,21
4159,오유아이,3
6051,오윤희_Trio,1
6488,오은비,2
5496,오은영,9
1523,오이리솔루트_Oi!_Resolut,18
5956,오재철_스몰_앙상블,4
6984,오존,1
5867,오종대,3
3602,오주환,7
5687,오즈,2
7,오지은,13
6426,오지은서영호,3
4149,오지호_duo,5
4389,오지호_trio,10
5896,오진원,4
5838,오청달,3
6215,오추프로젝트,20
6781,오토기바나시,1
6990,오토노키자카_록밴드부,1
3501,오티알,6
451,오프스텝,3
1557,오프스텝off_step,2
6676,오혜영X김마스타,1
6901,오혜영X까마귀,1
5494,오후_밴드,1
702,오후만있던일요일,2
2119,오후에_만난_성아,1
3097,오희정,3
6623,옥상거지,1
27,옥상달빛,28
5404,옥수사진관,5
6627,옥황상제,1
224,온_스패로우_힐_On_Sparrow_Hills,1
507,온달,28
902,온더스팟,7
1584,온어새터데이,8
7022,올스타소리꾼_창창,2
4036,올웨이즈롹앤롤맨드,2
6455,옷옷,1
86,와그와크_WAGWAK,6
770,와다다사운드시스템_WADADA_SOUND_SYSTEM,2
4709,와러서커스,3
2609,와러써커스,4
2676,와러써커스What_a_circus,8
2055,와삭크래커,2
645,와이낫_Ynot,48
2830,와이어리스wireless,14
4183,와이오티_오르간_트리오,1
440,와이즈애플_Wise_Apple,17
1753,와인루트,2
3061,와인루프,3
288,와일드_플라워_wild_flower,4
4344,와타아메,1
6414,완태,2
3910,왓_에버_댓_민즈,22
1497,왓썬더뷰리풀,7
5643,왕궁소녀,1
1808,왜_그런애들_있잖아,1
1337,왼쪽비상구,1
1651,요괴인간,14
4370,요람,1
2234,요루,7
4265,요셉,1
891,요술당나귀,1
7005,요시다_타츠야,1
2763,요아,23
2220,요아리,3
4200,요아밴드,2
6543,요자,10
161,요조_YOZOH,27
2235,요한_일렉트릭_바흐,3
3415,욕망의불꽃,1
4805,욘엔제이,1
4524,욤,3
5085,욤,1
4375,용s,2
83,용범밴드_YongBEOM_Band,1
2908,우경철,1
3072,우기,13
3330,우나,1
3961,우뇌형인간,11
6701,우든루시,5
3270,우든아이즈,1
4659,우리나라,2
944,우리는_속옷도_생겼고_여자도_늘었다네,12
6874,우리동네_음악퇴장,1
1226,우물안개구리,15
6116,우수한윤모,1
482,우스_드_라켓_HOUSSE_DE_RACKET,0
4306,우승지밴드,5
5765,우예린,3
4035,우일,10
5413,우자,11
5536,우자,7
3703,우제훈,1
5046,우주개구리,1
160,우주아가씨,29
6084,우주왕복선싸이드미러,3
4627,우주전복,1
1625,우주히피,33
6420,우쥬국악,1
5153,우쿠루쿠,1
846,우쿨렐레_피크닉_Ukulele_Picnic,3
2094,우쿨렐레_히어로즈,1
793,우탄_Wutan,4
3156,우혜미,6
1864,우후청산,1
6234,우희성,1
3506,운디드플라이,4
3369,울랄라_세션,10
1771,울버린wolverine,7
4395,울지말아요_닥터,1
834,웁스나이스,79
4315,워너,80
3988,워킹홀리데이,10
3233,워터스,7
712,워터프루프_waterproof,3
1418,원,3
3129,원_드랍_이스트,1
6265,원경,2
4800,원동환,6
3360,원드롭이스트,2
800,원모어찬스_One_more_Chance,9
5982,원바틀,13
3121,원샷,8
3739,원스윗데이,1
2397,원써겐1sagain,1
721,원영조,1
6094,원영조트리오,3
6613,원웨이,1
4571,원태림,1
189,원톤,65
481,원펀치_ONE_PUNCH,13
2210,원효로_1가_13-25,3
4273,월러스,7
5957,웜홀,4
6946,웨딩싱어즈,1
3783,웨스트나인West-9,3
1772,웨이백씰.H,3
1066,웨이스티드쟈니스,163
1731,웨이트,1
2534,웨일,14
6301,웨일즈에비뉴,1
6985,웨터,2
5304,웬아이,1
7029,웬지,1
2192,웹트리노,1
1406,위_헤이트_제이에이치_We_Hate_JH,29
5397,위대할_애송이,1
185,위댄스_Wedance,123
2562,위드,2
3904,위로,3
968,위버멘쉬,32
6208,위수,3
5523,위시모닝,2
3033,위아더나잇,23
6714,위아영,8
1697,위치스Witches,4
1733,위플레이WePlay,4
741,윈도우패인_WindowPane,1
861,윈드_이스트,3
6373,윈드폴,1
1738,윈디시티,16
4371,윈디캣,6
1374,윈터바드,8
1165,윌로우,1
2061,윌리암스타운,84
4847,윔,1
6933,유경화,1
5350,유구삼,1
2539,유근호,24
6305,유기농맥주,6
3420,유기농밴드_쌀밥,1
5288,유난,1
6405,유남규프롬어스,2
3037,유노크,3
4211,유니Uni,1
5854,유니버스,1
4469,유니소닉,1
1298,유니온펍,21
7034,유니커즈,1
2815,유니콘,87
6762,유니크노트,1
331,유니크쉐도우_Unique_shadow,9
6262,유달리,1
683,유랑,10
6536,유레루나_Ureluna,4
4252,유령고래,1
3839,유리목,1
5053,유리알_유희,2
1014,유발이의_소풍,11
6784,유사랑_Jazz_Quartet,1
4295,유선준,2
4367,유선준버드나무소년,33
6410,유성욱예술빙자사기단,1
5266,유성은_Sextet_Plus_One,1
3551,유성재_트리오,1
5604,유세권_몽키비츠,2
6251,유슬기,1
3672,유승아,12
3585,유승호,4
717,유영민_Quartet,2
1865,유우래,35
6318,유원빈,1
5686,유유,5
6188,유익_겐그레아,16
2000,유인상,1
2109,유정균,11
6704,유정목,2
6096,유정식,1
6287,유정연,1
6075,유즈,1
4458,유진주,3
3828,유체리쉬밴드,23
2683,유카리_Yukari,26
2007,유태성,3
5638,유하,3
6406,유하영_트리오,1
6490,유해인,2
5077,유현정,1
3239,유현주,2
5250,유희영,1
2101,유희원,1
6769,윤규택,2
6829,윤규택,1
2961,윤기타,14
435,윤나라,16
1906,윤나라_트리오,10
5920,윤다명,2
4355,윤덕원,10
6249,윤딴딴,1
5335,윤딴딴,9
4455,윤문희,1
5327,윤미래,1
6707,윤민호,1
869,윤석철,9
5539,윤석철TRIO_김간지X하헌진,1
6534,윤석훈_여백,1
5469,윤성희,1
5997,윤성희,1
2915,윤슬,30
1299,윤영배,8
5373,윤요안,2
6099,윤원경,1
2221,윤일상,1
6117,윤재인,1
5545,윤제,6
4732,윤지민,1
1871,윤지희,4
5445,윤지희_Trio,1
1994,윤하,5
4797,윤해원,3
3820,윤현로,1
1691,윤혜진,4
2826,율,1
2791,율랴율례쁑,8
4185,으랏차_레이디,1
5464,은빛도시,4
1210,은초,6
2759,음란소년,2
2045,음악계속할거잖아,5
4898,이건우,3
2282,이건율,12
5977,이건일,1
6123,이경구,3
5625,이경선,1
1192,이경섭,1
3954,이관채,1
1389,이광석,7
2957,이권형,7
4339,이규원,1
4426,이규재,4
1301,이규호,4
3413,이그나이터,4
788,이그니토_IGNITO,3
3442,이근중,25
5685,이글루베이,35
1695,이기쁨,21
7085,이기찬,1
4283,이기현,3
5306,이나,6
6865,이나겸밴드,2
2183,이나밴드,6
2134,이나인,1
643,이냐시_테라자_트리오_Ignasi_Terraza_Trio,1
6090,이능금,2
2159,이다_그랜도스-리,1
3619,이다연,1
6049,이다혜,1
3179,이다흰,3
5713,이대성,1
1303,이덕산,1
4456,이동민,2
6465,이동섭,1
3835,이동우,5
480,이동재,1
1974,이동진,2
5004,이동형,2
6092,이두헌밴드,1
5081,이드문,1
2942,이들,21
4327,이디라마,3
3926,이디어츠,4
209,이디오테입_IDIOTAPE,18
1577,이란,22
343,이랑,19
3456,이레이,10
496,이루리_프로젝트,43
2347,이루마,2
4555,이류사운드,1
5534,이름업는_여자들,1
1624,이름없는악단,1
4913,이리와_리미,1
3711,이매진,24
6397,이명,1
755,이명건_Trio,2
5747,이모션밤,3
5239,이미래,1
6833,이미영트리오,1
2046,이미지,2
5302,이민규,11
7075,이민재,1
6256,이민정,3
2143,이민휘,4
1232,이바이저,42
5420,이베,3
6400,이병석,4
4977,이보경,3
3323,이보디보,2
3337,이보우,4
5098,이봄,1
4775,이봉교and원주연,1
4885,이봉교x원주연,1
2333,이부영,1
1361,이브,6
2323,이브닝글로우,2
606,이븐_더스트,15
5214,이블데드,1
5592,이삼수,1
6697,이상,1
2945,이상,1
5642,이상규안유정,1
1635,이상민,3
1300,이상순,1
153,이상은,9
586,이상의_날개,33
2184,이상한_술집,18
4385,이선경,1
1207,이선율,7
65,이선정_밴드,1
6887,이선지_Quintet_plays_Ennio_Morricone,1
3752,이설아,5
3874,이성민,1
4363,이성수,6
3135,이성우,2
5382,이성찬_Group,4
5996,이성호,3
4387,이소월,1
3287,이솔이,19
2996,이수륜,3
6821,이수정,1
2128,이수진,3
5421,이수진_Band,3
44,이슈타르_Ishtar,11
64,이스턴사이드킥_estern_side_kick,81
3493,이스트마스크,1
193,이승열,31
6840,이승원,3
5994,이승은,2
6955,이승재,1
5842,이승준X유승균,1
6482,이승진,1
2707,이승환,17
4995,이신영,3
1112,이씬,4
2049,이아나,5
5929,이아름,1
275,이아립,38
6574,이안소프,3
3419,이야기,2
5702,이여름,4
6025,이연주,1
5530,이영경,2
5254,이영경_TRIO,2
3837,이영미,1
492,이영훈,30
7032,이예지,1
5392,이요셉,7
5846,이요한,5
6548,이용문,1
5704,이용석,4
1875,이용원,2
5951,이웃,14
5318,이원,5
5317,이윤찬밴드,6
1168,이윤혁밴드,4
1782,이은수,44
2649,이은철,46
3575,이음,1
477,이이언_eAeon,7
1241,이인세,5
509,이장혁,36
6442,이재영,2
4512,이재원,3
7072,이재이,4
938,이재철,2
4319,이재형,1
6448,이재화,1
1505,이재훈,2
6739,이정문,1
4386,이정민,1
2454,이정민,1
6100,이정민,1
1176,이정범,21
5300,이정봉,1
139,이정선,3
5524,이정식,1
4472,이정아,81
4519,이정열,2
3571,이제형,21
4026,이젠,12
5836,이조남밴드,5
2494,이종민,3
6713,이종민_더_배드보이,1
6211,이주미,4
6329,이주미,1
6212,이주미andFriends,1
1680,이주영,3
5238,이주한,1
6883,이준기Quartet,1
6484,이즈노,1
4823,이지만,1
256,이지보이_Easyboy,15
1607,이지상,3
632,이지에프엠_EasyFM,7
6967,이지연,1
6142,이지영,2
6641,이지영_Trio,2
4448,이지윤,3
775,이지향,1
6070,이지현_재즈밴드,1
3919,이지형,7
6237,이지호trio,4
3520,이진아,6
3362,이진우,3
5253,이진주Band,3
5553,이진주밴드,3
1512,이진호,25
3500,이찬,2
5767,이찬희,1
5059,이채언루트,20
6611,이철훈,3
576,이철훈_TRIO,1
5082,이초록and심재균,1
3825,이층난간,1
4382,이층버스,7
3643,이쿠라상,2
6738,이태욱,1
4557,이태훈x민상용,1
4062,이팩스,1
6956,이하림,2
2009,이하윤,1
6024,이한샘,3
5126,이한솔,1
5251,이한얼,6
5795,이한영_밴드,2
4053,이한영_트리오,8
6834,이한응Trio,2
93,이한철,29
6513,이해인,1
4490,이혁,1
5076,이현규,3
6663,이현기,1
219,이현석_프로젝트,3
366,이현수트리오,1
3125,이현정,1
1899,이형철,1
1874,이혜원,1
6147,이혜지,11
5097,이혜진,1
2491,이호_eeeho,35
1377,이호석,25
3671,이호준,8
6349,이홍찬,1
4862,이효섭,1
356,이효원,1
7059,이효정,2
3721,이훈주,12
5922,이휘영,3
3552,이희경_퀄텟,1
6538,이희문컴퍼니,2
5274,이희수,10
4825,익스클레모,25
991,익스텐션,29
6425,익시,1
2787,인도시,2
6481,인도에서_온_란초_-_Rancho,3
5640,인디밴드_ACT,1
3421,인디비쥬얼,3
4407,인디펜던스데이,1
1883,인메이,1
500,인사이드_Inside,1
5819,인사이드아웃,1
785,인사이드코어_Inside_core,2
3175,인생시망,14
1340,인서트코인,19
3246,인성밴드,3
37,인세인_독스_Insane_Dogs,26
4881,인세인디지,1
1076,인스턴트_다이너마이트,3
4083,인스피어,32
4761,인저드블로썸,1
5763,인캐스터,1
6309,인코스Jp,2
4608,인터노스,1
3667,인터하이,14
691,인퍼플,3
3985,일곱시쯤,7
5477,일교차,2
2709,일기예보_나들,5
168,일단은_준석이들,10
5980,일락,2
4852,일랍,1
4100,일랑일랑,1
5820,일레븐,1
5742,일레인,1
714,일렉스틱_elekstic,149
302,일렉트로닉_앙클렛_Electronic_Anklet,3
4337,일렉트릭_플래닛_파이브,6
5000,일렉펀트,51
3383,일로,7
4206,일로,7
6651,일로와_이로,5
7051,일루와,1
4728,일루와밴드,3
6364,일요일_밴드,2
3760,일컴비네이션,1
1990,임건우,2
155,임경은밴드_LIm_Kyoung_EunBand,1
5928,임경진,2
871,임규민Trio,1
6272,임달균,1
5570,임달균_TRIO,1
5659,임달균Quintet,1
5876,임도혁,1
412,임모세,1
1830,임미성_허성우_romantic재즈_앙상블,1
6631,임미정_쿼텟,2
5528,임민수,1
4518,임민수,2
5166,임보라,7
6281,임보라_트리오,3
4821,임수빈,1
6578,임슬기찬,1
1180,임승묵,15
672,임승욱,1
4152,임어울과_형제들,1
5188,임용재,2
5621,임용훈밴드,3
1097,임우진,65
5409,임유진_Quartet,2
5167,임인건,4
4164,임재형,4
5205,임정득,1
4282,임정우,1
5804,임정호,1
277,임정훈_밴드,18
5512,임주연,5
2217,임주희,8
2213,임진택,1
5858,임진화,1
5995,임채선,1
5936,임채선trio,1
6711,임채선트리오,1
4470,임페리얼_도미네이션,3
4334,임펠리테리,1
3219,임헌일,10
5133,임현정,38
3539,임혜린,3
113,입술을_깨물다,81
4095,있다,2
5885,자그마치,9
998,자몽쥬스샷추가,1
349,자보아일랜드_Javoisland,51
2328,자우림,7
803,자유,2
4324,자유낙하,1
308,자이,10
1249,자이언트베어,30
3140,자이온루즈프로젝트,4
5358,자일삐,2
644,자전거_탄_풍경,3
4493,자판기커피숍,1
6827,자히로,2
7099,자히로,1
4201,작은너울,1
2514,작켠,1
2723,잔나비,49
4034,잔잔,5
1003,잠비나이,22
6205,장경훈,3
1783,장그린,1
26,장기하와_얼굴들,31
5745,장기호,3
4500,장기홍,2
1193,장난감가게,46
5157,장덕철,1
6527,장둘,1
3241,장똘뱅이,2
4693,장똘뱅이밴드,13
926,장미여관,76
5614,장민식,1
3182,장바우,6
5889,장세아,1
5314,장수현과_원다희,4
6053,장영은_Trio,1
2646,장윤주,1
6869,장은성Quartet,2
6966,장이인,1
3503,장지영,1
332,장포크,3
4712,장필순,5
7013,장현영,1
5825,장현준,1
1851,장효석,2
3702,장희원,1
5372,재능,1
6441,재니,1
317,재로,1
6991,재미난밴드,1
3989,재수좋은날,38
4130,재주소년,10
862,재즈_비빔비밥,1
568,재즈_인_블루,1
2825,재즈_클라우드,2
368,재즈_트리오_Jazz_Trio,1
5771,재즈_플레이버,2
6002,재즈다_잼세션,1
4435,재즈동요이야기,1
3256,재즈하르방,1
2191,재즈합,11
6046,재호_and_Friends,1
3455,잭인더박스,12
1335,잼잼,1
4891,쟈코비_플래닛,4
1991,쟝그린,1
3186,쟨메이어,1
3006,저녁,14
4154,저수지의_개들,1
5295,저수지의_딸들,2
5634,저스디스,2
3495,저지브라더,3
326,적적해서그런지_Juck_Juck_Grunge,57
422,전구,1
91,전국비둘기연합_National_Pigeon_Unity,49
742,전군,2
6344,전군과_알파길,2
5272,전군의습격,2
4461,전근화,5
928,전기뱀장어,74
4157,전기사기꾼,6
3979,전기성,12
3277,전기장판,13
2832,전기흐른,18
5719,전범선과_양반들,16
4232,전상규,22
3959,전상민,5
750,전상운,2
2699,전성기,8
4746,전영도,11
4361,전영세,1
5292,전영세_TRIO,16
5877,전용준,6
3375,전용현,2
1719,전유나,1
5389,전인권,2
1992,전자시극단,3
957,전자양,17
4230,전자어르신들,3
1429,전장혁,2
6654,전재근Quintet,1
5347,전재완,1
6045,전재욱_and_노태헌,1
2819,전전긍긍,7
4428,전제곤,3
2334,전제덕,4
630,전졸리_Jun_Jolly,1
5476,전지애,1
2456,전지한,1
252,전찬준,12
3932,전창영,1
5375,전태익,27
6838,전태익밴드,3
2283,전파나무,1
6660,전파랑,8
6579,전현근,1
4893,전형제,5
6987,절대가인,1
6477,절름발이,1
1961,젊은풍류,1
5123,점핑스카이,3
4529,정감밴드,2
5603,정구영_갈릭스,2
4667,정글쥬스,4
1000,정기고,3
2960,정단,3
6456,정말,1
4971,정미미,2
2684,정미이모,16
1296,정민,1
1708,정민구,4
306,정민아,33
2318,정밀아,62
1839,정밴드情_Band,4
5875,정병준,1
6171,정상수,1
5848,정상이,5
6595,정새난슬,1
4993,정선묵,3
5602,정성모_밴드황정민,3
2551,정성하,7
2774,정세일,2
2209,정소휘433,57
355,정수경,1
6588,정수빈,1
1342,정앙정미,1
6494,정연,1
5118,정연주,1
4501,정연택,2
614,정영근,4
2010,정영준,1
5711,정영지,1
4579,정예은밴드,1
5466,정우성,1
5191,정웅기,1
1843,정원영,6
6879,정원준,1
7015,정유빈,1
3827,정유연,1
1611,정유천블루스밴드,19
2166,정인,1
4438,정인and교연,1
5822,정인영,1
5095,정재원,2
6254,정주영,2
5808,정주원,2
5979,정준영밴드,2
488,정준일,8
5785,정준호,1
5709,정중화,9
6055,정중화_Trio,1
4714,정지선,2
5073,정지아,9
6491,정지찬,1
5177,정직한멜로디,1
1908,정차식,8
6639,정찬별,1
3128,정크,1
1143,정한별,41
5919,정현,1
6097,정현우,8
6398,정현욱,2
497,정혜숙,7
4942,정흠밴드,12
6948,제2라운드,1
231,제8극장,91
6976,제니와_좋은친구들,2
137,제니퍼_웨이셔,1
5700,제로아이즈,1
3745,제로지,9
4937,제리케이,4
1545,제봉브라더스,4
6376,제비다방_단오잔치,1
4932,제비재밍,15
4268,제비잼잉,6
2998,제쉬,5
3271,제스퍼,2
1748,제이디,2
186,제이레빗_J_Rabbit,15
1655,제이모닝,1
2732,제이벨_J_BEL,12
6576,제이브라더스,1
4298,제이비드,5
2064,제이스트,41
4134,제이온지연,1
5972,제이유,1
3845,제이제이케이트리오,1
789,제이켠_JKyun,1
3169,제이하우스,1
4498,제이한,1
3052,제제,17
3067,제제,8
4926,제준성,3
5665,제프,1
6942,제희_Quintet,1
3504,젠_얼론,9
1943,젠틀_레인,2
4225,젠틀멘탈,4
5549,젤리롤쉐이커즈,1
5703,젬베를_그리는_남자,1
915,젬젬,1
635,젬젬_zamzam,6
5866,젯나,1
1302,져스틴,1
2097,조경아,1
2964,조광연,4
5976,조금가까운사이,1
2904,조길상,3
2011,조남열,5
1740,조남영도밴드,7
4457,조남혁,1
1581,조대득,9
753,조덕환_from_들국화,2
880,조덕환_밴드,1
1137,조동희,13
6005,조득연,1
3358,조문근,8
6363,조미나재즈그룹,1
5897,조민기,1
5993,조범진,1
3601,조상연,1
2230,조상혁,2
5668,조선스냅백,2
6748,조성민,2
6021,조성창,1
5849,조성태,1
4179,조소연,1
3349,조소정,4
4607,조소희김민주,3
2081,조수경,2
6394,조순종_일렉트릭_시티Electricity,2
5984,조순종앤스타게스트,1
3331,조승진,3
2200,조시_로이_Josh_Roy,2
1470,조씨,1
1831,조아람,19
3755,조애란,1
7041,조에,1
5018,조엘,2
4508,조연희,3
6115,조영덕TRIO,3
6038,조영재,1
6232,조용원_퀸텟_YWCQ,1
5914,조용호,4
7021,조웅구남과여라이딩스텔라,1
6778,조원국,1
5542,조원기,1
6656,조윤성,1
5481,조윤지,1
2757,조율,5
1031,조은경,9
5187,조은지,1
3840,조은희,8
5926,조응민,2
5472,조응민_Quartet,1
867,조이엄,12
134,조정치,17
5110,조정치,1
3594,조정현,5
941,조정희,15
6754,조정희_Electric_project,1
5692,조정희and조순종_play_Bill_Evans,1
3976,조제,2
774,조준프로젝트,1
5856,조증환,2
5083,조지영,1
6506,조진지와_전복치,1
5115,조카들,1
6335,조커,1
5257,조태준,2
5219,조하니,2
4873,조하피,2
1085,존,1
3882,존_스트롱맨_밴드,3
5915,존뎁,1
3800,존박,2
3998,존스트롱맨_밴드,4
3606,졸린쥐,1
2997,종로사운드,2
6297,종성,1
2151,종이달,3
362,좋아서하는_밴드,22
582,죄다_커플,7
5547,주_트리오,2
1144,주노브,15
6052,주드킴_Quartet,4
6885,주드킴트리오,1
5945,주리,1
3260,주말엔블루스,1
5202,주성,1
5764,주승훈,3
6597,주예인,1
723,주원,1
1087,주윤하,11
5756,주진우,1
3751,주하,2
5975,주한철,2
6214,주형진밴드,1
269,주혜,3
5370,주혜정TRIO,4
3368,주황색,1
2233,주효,8
3890,준_벅,1
6725,준오브집시_-_June_Of_Gypsy,1
6221,준현과_승현,1
3778,줄라이로맨스,2
3931,줄리아드림,69
2509,줄리아하트,9
2039,중독,2
4009,중식이밴드,33
4320,쥬마로드,1
4136,쥬마루드,13
4294,쥬마루드,3
4171,쥬스박스,1
4042,쥬크조인트정키스,1
2381,쥴라이마일스,1
6734,즙즙,2
2216,지고,20
3345,지구인밴드,1
6517,지기밴드,1
2823,지나가던_조씨,30
1294,지니어스,45
6274,지담밴드,1
2920,지렁이,1
3630,지멘,3
4084,지미밴드,7
3978,지방자치아이돌_AV,6
4275,지백,3
4787,지선,1
6443,지선이_염색한_날,1
6973,지성인_Day,1
6758,지소울,1
5793,지아니_가그리아디,3
77,지알로_Garlo,1
4623,지어반,4
5581,지연,1
6796,지온,1
3062,지와이,1
6351,지용,1
3789,지운,1
3689,지인킹트리오,5
5540,지재일_Quintet,2
5165,지쿠,1
562,지크,1
3379,지킬,9
5029,지푸G-Fu,1
267,지하드_Zihard,18
1325,지현,1
3387,진달래_밴드,35
4401,진돗개,1
4985,진돗개프로젝트,2
5048,진동욱,1
2741,진리프로젝트_JINLEEproject,3
6817,진보,1
2360,진상태,1
4156,진선트리오,1
5180,진수킴,1
6648,진토닉,1
4018,진표,13
6914,진해성Quartet,1
4256,진현,4
3396,진현호,2
4747,질_앤_더_블루스_모빌,1
5019,질라ZILLA,1
3100,질바플라나,8
5168,짐and프렌즈,2
1515,징가징가,1
6831,징고,3
176,짙은,28
4665,짧은_손톱들,3
1764,짧은빨대,1
6934,짱유,1
3866,쩔어피자순대49元,1
5433,쩜오구_.59,4
538,차가운_체리,24
4506,차가운니트,3
1578,차광민,11
5217,차동훈,4
6911,차라온,1
6810,차수경x홍은빈,1
5437,차승민,2
3232,차여울밴드,5
2963,차연지,5
5884,차율,1
6805,차은주,1
1703,차이나몽키브레인,78
5043,차지량,1
221,차지연,1
3479,차퍼스,8
3285,차혜리,1
3631,찬,1
6295,찬울이와_형님들,2
3779,찬찬히,19
3803,찰나,2
3519,찰떡궁합사운드,2
2558,찰리스_우쿨렐레,2
5987,찰리의라디오,9
5813,찰리정,8
621,찰리정_프로젝트_Charlie_Jung_Project,6
5705,찰리정밴드,2
5645,찰리정블루스밴드,11
2284,참깨와솜사탕,11
3267,창박,1
1453,창백한푸른점,4
4756,채널_아쿠아,3
6649,채보훈_더베인_-_The_VANE,10
5063,채수현,2
5113,채운,1
6446,채정훈_x_최완호,1
5467,채정훈김재영,1
1549,채틀링,3
4625,챔피언스,2
6590,챔피언스,1
1904,처절한_기타맨,6
4542,처형과블루스,1
6593,천미지,8
4866,천산갑,6
3326,천상혁,2
1917,천서혜밴드,8
2062,철수크라이,1
1873,첫눈,2
6662,청낭팀,1
1174,청년들_The_Lads,79
4618,청노루,6
5201,청달,1
3947,청량음료,1
6612,청비와_나,1
1925,청은,3
5189,청춘20김대위,1
3203,청춘스타라이더즈,14
4024,청춘학개론,2
3642,체리초콜릿,1
4076,체리팩토리,12
555,체리필터_CherryFilter,8
1763,체비,8
1563,체어,4
5388,체온,13
5200,체인리엑션,9
4510,체인지써드,6
4674,초록_테이블,9
3073,초록불꽃소년단,52
6785,초영Moderniq_Project,3
2071,초이,53
598,초이스_Choice,1
6135,초조,2
3224,초콜렛박스,6
6799,초콜릿벤치,2
1822,초콜릿파우더,20
6652,초현-初弦,4
4951,총체적난국,2
1725,최C,2
5411,최경식_Quartet,5
25,최고은,39
3510,최광문,1
4603,최낙타,12
6586,최문금,1
5320,최미향,2
4253,최민지,6
4349,최믿음,2
6328,최보미,1
816,최상민,1
5156,최선,1
5782,최성일,1
5240,최성현,1
7094,최성호특이점,1
4459,최성환,3
6020,최세열,1
4099,최수인,3
5587,최수정,1
6470,최수진_Trombone,1
3733,최수환,2
6749,최승민,1
415,최승일,1
4764,최영태와_쩌우들,2
4429,최요셉,1
5869,최용민,1
3749,최욱노,1
3363,최윤미_트리오,1
6743,최윤화Quartet,4
6761,최윤화Quintet,2
6473,최윤화밴드,1
4482,최윤희,1
5588,최은아,1
6783,최인성밴드,1
4727,최재원,12
6324,최정,1
6706,최정원,1
6152,최정윤X신인재,1
4180,최정철,1
5273,최종인,3
5147,최준용,1
5423,최지선과_친구들,1
4801,최지훈,1
4969,최태준,2
1807,최태현,10
5543,최하루,7
4669,최한솔,5
3329,최한울,4
6951,최현우_크로스오버_Bolang,1
5816,최현우_트리오,1
6015,최현정,2
5998,최희영,1
3031,최희태,1
4585,쵸퍼스,2
2457,추승엽,16
4075,추운밴드,2
3461,축축밴드,3
3950,춤을추며씽얼롱,2
4989,치로,1
2854,치매,1
2927,치명적인_매력,1
249,치바사운드_Chiva_Sound,33
699,치즈스테레오_Cheezstereo,33
2931,치즈스틱,1
623,치코_CHIKO,1
4003,치킨스콜France,1
2587,치킨어택,1
4196,카나비,5
4650,카나비_트리오,2
4632,카나비트리오,1
2035,카네가에아사코,1
4497,카니발하트,3
5612,카더가든,4
1844,카도프로젝트,3
5208,카리,1
6630,카리_이코넨_트리오,1
2837,카말,1
3852,카멜_드라이버,2
2480,카멜라이즈,39
1614,카모마일_Camomile,6
2107,카스테라,5
474,카운터_리셋_Counter_Reset,32
5546,카일윤,1
778,카입_Kayip,1
4087,카즈키_코가,1
1390,카카오톡,1
1050,카크래셔,15
2193,카프카,8
98,카피머쉰_COPY_MACHINE,10
2358,칸kan,14
3951,칸니발하트,5
1996,칸패밀리,2
6671,칼,1
3853,칼_본즈,1
2793,칼리아,43
162,캐스커_Casker,11
1670,캐주얼비지트,6
1856,캐쥬얼비지트,2
6224,캔디프로스candy_floss,1
106,캡틴_붓보이즈_Captain_Bootbois,6
5280,캡틴락,5
5301,커널스트립,4
2322,커먼그라운드,8
1208,커먼피플,6
3548,커스피드,10
3836,커트라인,1
3659,커플디,1
2470,커피소년,18
4113,컨트리_공방,7
4473,컨트리공방,13
3342,컴포지션스,1
4568,케미스트링,1
1721,케어밴드Care_Band,1
5461,케이엔,2
3724,케이티디즈,6
4272,코가손,42
2743,코끼리소년,1
5912,코넛,4
4912,코넛_and_앙팡,5
2188,코닉섹션,2
3558,코다파이,31
3391,코드낮,4
7020,코디어츠,3
1827,코란트리오,2
3582,코로나,42
4250,코르크,19
4597,코린_메이_Singapore,1
2891,코스모라이더스,9
735,코스모스_사운드,8
486,코스모스슈퍼스타_Cosmos_Superstar,25
5577,코스믹노이즈,3
3802,코스믹칸,13
3653,코스믹키즈,1
2020,코어매거진,73
1482,코이드윅,2
471,코인_록커_보이즈_The_Coin_Rocker_Boys,14
7002,코인_클래식,5
6813,코인사이드,2
899,코지카페,14
2158,코카인헤드Khocane_Head,8
2590,코트,2
6507,콘_센토,1
5332,콘위스키,3
3960,콜록,66
4820,콜린_필즈,7
3531,콜크,7
1387,콜트콜텍노동자밴드,18
5576,콤파스,2
1654,콥스그라인더,10
230,콰르텟엑스,1
2719,콰지크_디,4
2983,콰지크비씨디,2
797,콴_Kuan,1
798,콸라_Qwala,2
88,쾅프로그램,76
5193,쾌남들,8
7060,쿠드비,1
152,쿠마파크_Kumapark,14
5196,쿠메오_프로젝트,4
97,쿠바_CUBA,54
4398,쿠스틱콜라보,1
6244,쿠카,3
3562,쿠후키,3
5826,쿨레_칸,3
1120,쿼츠,10
1072,퀘보스타,2
5080,퀭,2
1621,퀸스레드가든Queens_Red_Garden,3
3780,퀸시,1
740,퀸즈_네스트_Queens_Nest,11
5529,퀸터플렛,2
3467,큐브라더스,1
3317,큐씨티,2
7036,큐큐,6
2975,크라우스_라갈,1
2136,크라운브릿지,1
929,크라이스트퍽_Christfuck,22
41,크라잉넛_Crying_Nut,69
4421,크라티아,2
550,크래쉬_Crash,16
5965,크랙베리,5
4038,크랙샷,18
2036,크랜필드,48
6835,크러쉬피버,1
4289,크럭스,8
6511,크레센트,2
2383,크레템,5
5399,크레페,1
1860,크로스본즈Crossbones,13
32,크로우_CROW,1
3353,크로크노트,49
5652,크롤러,4
1186,크루세이드,7
6156,크룩스,7
4305,크르크노트,1
4467,크리스,1
5607,크리스탈_레이크,1
1889,크리스탈_레인,3
3529,크리스탈_티,2
4546,크리스토퍼강감찬,3
3462,크리틱,5
3325,크림,5
5497,크림파스타,3
4445,큰아버지_박준범,10
7001,클라라C,1
5845,클라라홍,3
3460,클라모노,6
5906,클라센,1
3361,클라시코_사운드,1
6735,클라인,2
1030,클락클락,3
1553,클랑보위텔,1
4621,클래식체스트넛_바이_크리스앤_크리스,1
6091,클래지아,1
196,클래지콰이_Clazziquai,6
4163,클랩스,63
4636,클러츠,2
840,클럭스,2
428,클럼지_CLUMSY,18
1142,클럽505,10
3310,클로스퍼,5
812,클리나_Clinah,1
2647,클린치clinch,3
4107,키네식스,6
2001,키노,1
6330,키노피오,3
4655,키라라,14
6235,키세루,2
1450,키스미조이,2
6185,키치레코드,2
4025,키카플로,1
4217,키팝,9
3900,킥스타트,9
3294,킬_더_빈센트,2
2208,킬러_드론즈Killer_Drones_,22
1328,킬러컷츠,11
4541,킬러포테이토,4
5293,킴_케이트,1
6042,킴브라더스,1
2992,킹덤,1
373,킹맥_KINGMCK,0
5210,킹스,27
140,킹스턴루디스카,70
3997,킹콩,2
3348,타나,4
4614,타나베_겐,2
2883,타니모션,8
3980,타다밴드,18
274,타루,14
125,타르트_Tarte,1
3633,타마_로즈,3
6354,타마린,1
99,타마엔_배가본드_Tama_and_Vagabond,5
1608,타미김,5
3798,타미식스,2
4616,타유타우,2
5328,타이거JK,1
5601,타이탄,9
3165,타인,14
5415,타지오,2
4870,타츠키,1
6387,타카_스시,1
758,타카피_T.A-Copy,37
4622,타코앤제이형,1
3404,타코야끼,3
2377,타코피,4
878,타틀즈,24
710,타프카_부다_TAFKA_Buddah,8
5861,탁보늬,1
2507,탄산,1
4504,탄젠트,1
3992,탈_밴드,4
2984,탐탐,1
4679,탕_트리오,1
1565,탕아들,4
3167,탕탕그루브,3
4061,태두리,10
5459,태림,4
4783,태양양,3
6062,태엽,15
4010,태엽나무,5
5924,태영,6
345,태히언,35
6503,택우,1
491,탭비,3
6238,탱고_콜레티보,4
5653,테니스코츠,2
4111,테두리,2
1289,테디보이즈,55
2889,테라스,1
223,테이블_피플_Table_People,45
2579,테이크어반_구태한,2
5907,테잎에이프,1
963,테테,5
540,텐더라인,6
3898,텐마일즈,19
1668,텐션,3
3063,텐시러브,2
351,텔레파시_Telepathy,11
4996,텔레포니스트,23
90,텔레플라이_Telefly,101
4758,토끼굴,2
3210,토끼밭,1
4290,토끼사냥꾼,13
6997,토끼좇,1
3490,토닉스Tonics,2
1933,토다,1
1572,토리스,1
195,톡식_toxic,33
1638,톨,15
3333,톰톰,32
2100,투게더브라더스,1
1780,투견,4
2160,투데이_투모로우,4
498,투명,43
3459,투명한시와,1
5091,투섹,1
1218,투스데이,2
556,투스테이_2STAY,6
4952,투윈드욱이,1
2203,투인2iN,1
1489,투인디안,12
6710,투파이브,2
4251,투플레이,1
4666,투플로어,5
2532,트라이씨클,16
4216,트라이에그,2
6499,트래쉬올로지,1
6289,트래커라이즈,3
3805,트래픽잼,1
142,트랜스픽션_TransFixion,57
525,트랜지스터헤드,3
711,트램폴린_Trampauline,33
4454,트랩,27
4406,트럼프,2
4085,트렌드킬,2
6054,트로포포즈,1
5171,트루버즈,1
6972,트루베르,2
6013,트리_트리오Tree_Trio,1
7056,트리스,1
6814,트리스,9
6035,트리오_누보Trio_Nouveau,1
5850,트리오_봉봉,1
6058,트리오_쿠시키아,1
5797,트리오_클로저,3
1175,트리키네코Trickyneko,30
5656,트위드,8
2023,트윌러스,37
1604,트윙클_트윙클스,1
602,틈,1
3137,티_사운드,32
4958,티나렉스,1
1373,티미르호,4
856,티비_옐로우_TV_YELLOW,2
4742,티비아이즈,1
3174,티셔츠,18
38,티어드랍_Teardrop,33
1984,티어파크,39
5737,티치,14
5017,티키타카,1
1997,티히언,1
6392,팀_인성,1
3911,파_프롬_히어,6
3883,파괴왕,7
1547,파나류당,2
4507,파다파,3
6747,파라독스애비뉴_and_모조피플_레코즈_어쩌다_콜라보,1
3855,파라솔,30
806,파란나무,2
300,파란색_연필,1
5271,파랑망또,2
278,파렴치악단,7
6932,파르페마리,3
946,파리아,12
6334,파마씨,2
350,파블로프_Pavlov,75
607,파스텔_마켓,5
4890,파스톤,4
4672,파우,9
4874,파우스트,21
5282,파우스트,1
2779,파울로시티,5
698,파워숄더,12
3281,파이,13
5676,파이어이엑스,1
979,파인더스팟,4
4682,파제,20
5558,파코,1
1480,파티_메이커_Party_Maker,21
295,파티스트릿_Party_Street,8
5234,파티크래셔,7
2782,파피루스,1
6209,팎,11
232,판타스틱_드럭스토어_Fantastic_Drugstore,62
1940,팔랑귀,1
1689,팔보채,1
615,팝레코드하우스,11
4162,팝콘인더씨어터,1
2155,팝핀Virus,1
2760,패닉스위치PANICSWITCH,22
3195,패션플라워_Passion_Flower,41
1734,패스오버Passover,4
4311,패스트_and_퓨리어스,1
5040,팩터즈,2
3316,팬더레인,5
679,팬텀즈,44
6217,팻토이즈,8
1724,퍼니밴드funny_band,2
534,퍼니피플_Funny_People,17
5739,퍼블루,1
1501,퍼블릭_스테레오,6
6193,퍼커스트링,1
3204,퍼플레인,9
4410,퍼플루,6
3311,퍼플링,1
2553,퍼플트레인,3
715,퍼플헤이즈_Purple_Haze,2
7057,펀시티,3
2561,펀킹,2
4109,펄스,42
1163,펄스데이,12
4949,펄케이,1
2486,펑슈얼삭스,2
919,펑츄얼삭스,6
444,펑카프릭,12
1347,펑콘,7
1184,페가수스,8
4259,페규리안스,13
367,페니스위치_Peniswitch,2
6977,페디그리,2
4314,페로PERO,1
4423,페르소나,1
6532,페른글라스,1
4681,페스테자,2
79,페이션츠_PATiENTS,60
4959,페이퍼_플레인,11
2529,페이퍼백,33
1887,페이퍼컷_프로젝트,7
454,페이퍼트리_PaperTree,26
3078,페인터스,22
4069,페일블루,33
1766,페퍼톤스,26
1446,펜타소닉_Pentasonic,23
178,펠라스_Fellas,40
6271,편선희,1
4683,평범한_사람들,3
4794,평범한_사람들,1
1868,평화다방,2
293,포_POE,9
381,포니_Pony,18
6449,포도잼_x_살구잼,1
5212,포바틀즈,1
386,포브라더스_Four_Brothers,139
2332,포스트패닉,59
4262,포스트하지만,1
4967,포워드,4
4341,포이스,1
6848,포이즈,1
6992,포이즈너스,2
2962,포이츠_인_미스테리,2
1590,포이트리Poetree,2
3161,포즈_컷츠,1
3592,포컷,30
3492,포크스푼,17
1338,포트맨스,3
6759,포티,1
6753,포페임,3
5127,포프x포프,4
2058,포헤르츠,7
6996,폭행,1
1028,폰부스,105
6227,폰투퀸,4
5650,폴,1
1123,폴라로이드,45
3473,폴라리스,2
541,폴라코스틱_POLACOSTIC,4
365,폴리_Poly,13
2991,폴리튠즈,18
7102,폴립,2
6509,폴버드,1
7011,폴커비,1
2194,푸가토리움,1
3856,푸르내,31
5246,푸새,1
235,푸탄,3
4878,푸펑충,1
5308,푼타유니온,30
3734,풀개러지,9
910,풀린개,6
4402,풋풋,4
677,퓨너럴_오브_어거스트_Funeral_Of_August,1
5184,퓨리테일,11
1914,퓨어킴,16
5901,퓨처_카와이,1
5694,퓨쳐카와이,1
3076,프라이드_밴드_Pride_Band,3
1167,프라피룬,1
352,프렌지,6
4015,프렌치노트,13
1593,프렐류드Prelude,3
4522,프로젝트_나나,1
2391,프로젝트_색상표선우정아_안신애,1
6559,프로젝트_임페어,6
1136,프로펠러21,4
975,프롬,39
3912,프롬_디_에어포트,11
6726,프롬디어_-_FromDear,11
5961,프롬어스,15
214,프롬예스터데이_From_Yesterday,1
2017,프리다_칼로,5
4175,프리덤_랜드,10
3276,프리마베라,5
1252,프리마켓,17
6165,프리미엄_프로젝트,1
619,프리비치_Free_Beach,3
5444,프리스쿱,36
3767,프리스트,1
5172,프리즘아파트먼트,5
657,프리키,5
1641,프리티코핀스,5
2778,프린세스_디지즈,14
4987,플라마,1
6033,플라스틱,2
1744,플라스틱_피플,1
4908,플라스틱카메라,3
3452,플라스틱키즈,4
472,플라스틱하트_PLASTIC_HEART,22
1793,플라잉독,37
1537,플라잉치킨,19
2616,플라타너스_the_Platanus,5
7104,플라토닉_러브_호텔,1
6693,플래그,6
3697,플래너스,29
746,플래닛_쉬버_Planet_Shiver,2
3962,플래닛캔디,47
202,플래쉬백90,2
4849,플래시_플러드_달링스,18
2063,플래시백,1
1558,플랫슈즈,1
5821,플랫제이,1
2404,플랫핏,41
3879,플러그드클래식,20
5593,플러쉬!!,1
2985,플레,1
3454,플레어이펙트,1
4027,플레이_더_사이렌,1
3054,플레이_후키_Play_Hooky,3
2581,플레이모드,24
150,플레이하우스_Playhouse,2
2862,플레인_Plain,2
3846,플레잉_포_체인지,1
4072,플로라,2
5044,플로터즈,6
5252,플로팅_아일랜드,4
4302,플루,1
4218,플립,6
5215,플링,27
4827,피그말리온,4
6436,피기브라더,3
895,피기비츠,35
886,피나클더허슬러,1
2650,피네,13
2112,피노키오,1
4859,피다,1
2451,피드_더_보츠,2
1041,피버독스,17
6636,피보프로젝트_-_Pivo_Project,1
4584,피쉬볼,3
2165,피싱걸스,7
85,피아_Pia,39
3875,피아보씨뉴,1
6375,피에타,20
2644,피치본,30
2577,피치스톡peach_stock,1
2118,피카Pika,18
4979,피카딜리서커스,1
4117,피컨데이션,5
1622,피콕Peacock,53
596,피콕그린_Peacock_Green,44
3639,피타,1
4400,피타입,4
1318,피터,4
2093,피터아저씨,19
197,피터팬컴플렉스,31
3207,피톤치드,1
1646,피트정,9
112,피피치_P-Peach,2
4664,피피크루,4
4612,피해의식,30
3237,픽쏘울,8
3356,핀란드산_자작나무,4
5521,핀치,1
1288,핀치벡스,5
6325,필로멜라,1
5150,필름스타,5
857,핑크_블러섬_Pink_Blossom,1
2467,핑크노이즈,2
2224,핑크레이지,7
1336,핑크엘리펀트,20
5757,핑크파도,1
566,핑크퍼니에이드pink_funniAde,20
5047,하고밴드,1
1755,하나바밴드,1
3007,하노,6
357,하늘,2
455,하늘_달리기,1
5398,하늘소년,1
2569,하데스,3
494,하도,10
4055,하드슈가Hard-Sugar,20
4649,하라_다이스케,1
4675,하라다_이스케,1
5662,하루살이_프로젝트,1
3885,하루히사_타나카,3
6633,하리니,2
4678,하마,1
4973,하명진,1
6898,하바나,1
1255,하바네로,2
1958,하박국,2
297,하비누아쥬_ravie_nuage,20
4854,하사신,1
445,하세가와_요헤이,4
3621,하수상,32
5134,하얀바다,29
517,하연,1
1591,하예나,1
5555,하예지,2
131,하와이_HAWAAII,9
4227,하우스_트레인House_Train,4
3226,하우스보트,2
5732,하운,1
2025,하울도그and더블트러블,1
1154,하울링,1
4538,하이_울프,1
427,하이_투_힘,8
3438,하이누,1
4645,하이니,3
4785,하이디,2
282,하이미스터메모리_Hi_Mr_Memory,22
6306,하이브리드_드롭_봄바,7
4736,하이소년,1
2131,하이컴즈,1
1388,하이퀄리티페이스,9
1679,하이투힘,7
1891,하이파이퍼즈,5
2469,하이포매니아,2
6159,하인애_퀸텟,2
4848,하임,2
5119,하자,1
2673,하제,5
4580,하지마마,1
3586,하찌,11
5367,하찌와_TJ,6
777,하찌와_서울갈매기,1
4769,하찌와_소울갈매기,3
346,하찌와_애리,11
3884,하코부네,3
426,하타_슈지_畑秀司,3
4433,하퍼스,4
259,하헌진,80
2059,하현곤_팩토리,6
1472,하현용밴드,11
5241,하혜진,1
3819,학교친구,8
542,학동역_8번출구,1
5408,한_모금,1
504,한강의기적,12
940,한국인,14
6763,한균,1
3821,한남걸,3
6003,한동일,1
2331,한동준,1
1441,한받,5
1900,한살차이,42
6299,한상욱,1
3245,한상원밴드,2
4730,한상헌,1
6319,한상혁,1
3941,한소현,2
6130,한솔,1
5616,한수수,2
6467,한순욱,1
4184,한스_트리오,1
756,한승민_Quintet,1
1792,한시간_후에,1
7045,한여유,1
5145,한영애,3
1086,한예슬,3
6216,한올,4
6717,한요한,1
5431,한운기_Band,3
6067,한웅원,2
5630,한웅원_and_Friends,4
146,한웅원_Band,9
5853,한은정_쿼텟,1
1909,한음파,47
6605,한지연,1
5776,한차영,1
3977,한채윤,5
165,한희정,17
2813,할로우잰,6
1080,할리퀸,1
4234,함교현,1
420,함성희퀄텟,1
5802,함한얼,1
4441,핫스파이시,2
4588,핫페퍼파스타,1
4729,항디니,1
2559,항쉬,1
5518,해독,1
529,해리빅버튼_harry_big_button,110
3897,해마군단,40
4722,해머링,7
198,해브_어_티_Have_a_tea,2
6493,해빗,1
1570,해소,1
6411,해쉬HASH,19
3367,해쉬브라운,12
4534,해오,5
2029,해원,9
1462,해일,24
5699,해주,5
4312,해피가좋다,4
6307,해피피플,6
5297,핵사,1
4988,핸드,1
1886,핸섬피플,1
4114,핸즈_이펙트_트리오,8
3945,햇살이,1
3588,향,1
414,향니,52
676,허_아이즈_블리드_Her_Eyes_Bleed,1
6890,허각,1
5986,허느머느,3
4770,허니모쓰,2
2037,허니서커,1
6108,허니스트,16
4098,허니워터,1
3022,허니페퍼,21
5270,허밍렌치,27
6229,허밍힐,2
1747,허세정,1
872,허소영,6
1784,허영택,2
7062,허원무퀄텟,1
5278,허즈,12
3445,허지영,52
5277,허첵,1
4247,허콜렉션,22
4096,허클베리_피,1
801,허클베리핀_Huckleberry_Finn,30
1487,허킨벤,11
499,험백스_Humpbacks,15
6836,험블,4
2542,헤르츠_Herz,64
6346,헤베,1
964,헤브어티,4
4808,헤비슈터,3
3149,헤시테이트,1
4779,헤이리얼리스트,5
6471,헤이븐,1
4321,헤이즈문,8
3994,헤이지_샤먼,4
2625,헤이티드,3
6151,헤일,4
2907,헤일리카,2
1859,헤일스톰Hailstorm,11
1348,헬로메이든,4
1552,헬로스트레인저,35
1221,헬로우,5
2051,헬로우조조,2
851,헬리비젼_Hellivision,53
4872,혁오,9
5237,현기네7남매,1
4288,현용선,6
4279,현용선and임대섭,3
2833,현용선트리오,10
5460,현지아,1
5955,형제공업사,1
631,혜린,17
5203,혜인,1
2405,혜화동로타리,2
2319,혜화동소년,35
1626,호두과자,1
4844,호란,4
4213,호랑이아들들,102
4006,호망_테데스,1
2389,호소,55
5360,호스트들_aka.Doc_Skim_Band,1
6278,호아好我,19
6071,호와호,1
5859,호와호,3
370,호우앤프랜즈_Howoo_and_Friends,5
3557,호우주의보,1
6584,호윤성,1
3663,호호언니들,3
6674,혹시몰라,1
5837,혹시몰라준비한팀,3
692,혼자왔니,28
3515,홀라당,2
5066,홀로그램파티,1
462,홀로그램필름,89
831,홀린,111
6154,홀린스,1
881,홈리스,1
2716,홍갑,29
6269,홍광선,2
5462,홍기택,4
5833,홍대광,2
2374,홍동,1
2138,홍동균,14
6964,홍동균밴드,1
6464,홍선미_쿼텟,1
1559,홍성지and차현호,1
5527,홍순달,1
3152,홍시,2
3608,홍운,7
5181,홍이삭,5
5286,홍진표,2
5968,홍진표_트리오,1
3725,홍크,11
1867,홍현기,5
2078,홍혜림,10
5243,홍혜인,1
4115,홍혜주,1
3386,홍혜주,23
6510,화X수,1
1463,화교문화,8
3146,화나_FANA,3
382,화난_곰_Angry_Bear,46
6795,화랑,6
6776,화려꽃을_생각하다,1
432,화분,22
5637,화지,2
6434,황경은,2
2727,황명하,3
924,황보령SmackSoft,30
3990,황성환_일렉트릭_밴드,2
6878,황소윤,1
6187,황수정_밴드_황정민,1
3221,황신혜밴드,5
6789,황영원,1
3151,황용하쿼텟,2
5439,황윤진홀로그램_필름,2
6466,황인규,1
6120,황자양,1
6270,황재연,2
5892,황정관_trio,1
6050,황지우_Trio,1
2937,황창우,1
3603,황천길과_인간들,1
804,황푸하,12
4992,황필수,1
458,회기동_단편선,77
2902,회기동_로맨티스트,1
5470,효기,1
4702,후니옵하,1
515,후유,6
1636,후추스,73
4430,후타바_코지,1
2835,훈_Hoon,1
2544,훈훈,1
858,훌_wHOOL,20
4604,훔,2
1324,휘루,1
1481,휘모리_Hwimory,4
1773,휴_HYOO,2
179,휴먼레이스_Human_Race,29
3627,휴이,71
974,휴키이쓰,4
904,흐른,8
4837,흐린,23
5565,흑백라디오,1
2365,흑염소,11
4474,흔적,13
1492,희영,2
4081,히노우치에미,1
6402,히데오_고보리,1
3119,히든_히어로,2
6496,히든폴더,2
3218,히든플라스틱,19
6231,히미츠,36
2074,히어컴즈,1
4453,히치하이킹돌핀즈,3
7007,히피는_집시였다,1
4819,히피데쓰스타,3
2489,힐링프로젝트,3
1058,힛더나인,2
